id,first_name,second_name,web_name,team,position,cost,total_points,expected_goals,expected_assists,expected_goal_involvements,expected_goals_conceded,minutes,goals_scored,assists,clean_sheets,goals_conceded,own_goals,penalties_saved,penalties_missed,yellow_cards,red_cards,saves,bonus,bps,influence,creativity,threat,ict_index,starts,expected_goals_per_90,saves_per_90,expected_assists_per_90,expected_goal_involvements_per_90,expected_goals_conceded_per_90,goals_conceded_per_90,now_cost_rank,form_rank,points_per_game_rank,selected_rank,starts_per_90,clean_sheets_per_90
1,Fábio,Ferreira Vieira,Fábio Vieira,1,3,5.4,0,0.00,0.00,0.00,0.00,0,0,0,0,0,0,0,0,0,0,0,0,0,0.0,0.0,0.0,0.0,0,0,0,0,0,0,0,157,638,640,600,0,0
2,Gabriel,Fernando de Jesus,G.Jesus,1,4,6.8,1,0.00,0.00,0.00,0.28,15,0,0,0,0,0,0,0,1,0,0,0,2,0.2,0.8,0.0,0.1,0,0.0,0.0,0.0,0.0,1.68,0.0,38,380,401,203,0.0,0.0
3,Gabriel,dos Santos Magalhães,Gabriel,1,2,6.0,29,0.51,0.05,0.56,4.32,360,1,0,3,1,0,0,0,1,0,0,4,104,114.0,24.8,52.0,19.1,4,0.13,0.0,0.01,0.14,1.08,0.25,82,6,7,31,1.0,0.75
4,Kai,Havertz,Havertz,1,4,8.1,24,1.57,0.12,1.69,4.32,360,2,1,3,1,0,0,0,0,0,0,5,89,121.0,60.4,127.0,30.8,4,0.39,0.0,0.03,0.42,1.08,0.25,12,63,17,18,1.0,0.75
5,Karl,Hein,Hein,1,1,4.0,0,0.00,0.00,0.00,0.00,0,0,0,0,0,0,0,0,0,0,0,0,0,0.0,0.0,0.0,0.0,0,0,0,0,0,0,0,627,425,444,528,0,0
6,Jurriën,Timber,J.Timber,1,2,5.5,13,0.07,0.05,0.12,3.56,268,0,0,2,1,0,0,0,2,0,0,0,49,29.6,17.2,21.0,6.7,3,0.02,0.0,0.02,0.04,1.2,0.34,123,59,96,185,1.01,0.67
7,Jorge Luiz,Frello Filho,Jorginho,1,3,4.9,2,0.00,0.00,0.00,0.74,90,0,0,1,0,0,0,0,1,0,0,0,0,0.4,1.8,0.0,0.2,1,0.0,0.0,0.0,0.0,0.74,0.0,274,289,175,316,1.0,1.0
8,Jakub,Kiwior,Kiwior,1,2,4.9,0,0.00,0.00,0.00,0.00,0,0,0,0,0,0,0,0,0,0,0,0,0,0.0,0.0,0.0,0.0,0,0,0,0,0,0,0,312,599,607,402,0,0
9,Gabriel,Martinelli Silva,Martinelli,1,3,6.9,10,0.25,0.74,0.99,2.85,249,0,0,3,0,0,0,0,0,0,0,0,45,42.8,89.1,66.0,19.7,3,0.09,0.0,0.27,0.36,1.03,0.0,34,135,145,142,1.08,1.08
12,Ethan,Nwaneri,Nwaneri,1,3,4.5,1,0.00,0.00,0.00,0.09,4,0,0,0,0,0,0,0,0,0,0,0,5,8.2,0.4,0.0,0.9,0,0.0,0.0,0.0,0.0,2.02,0.0,463,340,307,324,0.0,0.0
13,Martin,Ødegaard,Ødegaard,1,3,8.3,7,0.46,0.74,1.20,2.93,253,0,0,2,1,0,0,0,1,0,0,0,29,34.4,75.0,60.0,17.0,3,0.16,0.0,0.26,0.42,1.04,0.36,11,222,149,71,1.07,0.71
15,David,Raya Martin,Raya,1,1,5.5,29,0.00,0.01,0.01,4.32,360,0,0,3,1,0,0,0,1,0,14,6,96,130.8,0.0,0.0,13.1,4,0.0,3.5,0.0,0.0,1.08,0.25,110,8,6,10,1.0,0.75
16,Declan,Rice,Rice,1,3,6.3,3,0.19,0.19,0.38,1.68,222,0,0,2,1,0,0,0,1,1,0,0,17,25.4,27.4,35.0,8.1,3,0.08,0.0,0.08,0.16,0.68,0.41,68,649,374,107,1.22,0.81
17,Bukayo,Saka,Saka,1,3,10.0,31,1.40,1.02,2.42,4.05,341,1,4,3,1,0,0,0,1,0,0,4,109,153.8,145.3,206.0,50.5,4,0.37,0.0,0.27,0.64,1.07,0.26,5,15,5,9,1.06,0.79
18,William,Saliba,Saliba,1,2,6.0,19,0.00,0.03,0.03,4.32,360,0,0,3,1,0,0,0,1,0,0,0,82,68.8,3.8,2.0,7.5,4,0.0,0.0,0.01,0.01,1.08,0.25,84,55,48,4,1.0,0.75
20,Thomas,Partey,Thomas,1,3,5.0,18,0.16,0.21,0.37,4.32,360,1,0,3,1,0,0,0,1,0,0,3,63,90.8,54.5,9.0,15.5,4,0.04,0.0,0.05,0.09,1.08,0.25,199,30,56,168,1.0,0.75
21,Kieran,Tierney,Tierney,1,2,4.4,0,0.00,0.00,0.00,0.00,0,0,0,0,0,0,0,0,0,0,0,0,0,0.0,0.0,0.0,0.0,0,0,0,0,0,0,0,531,472,487,574,0,0
22,Tomiyasu,Takehiro,Tomiyasu,1,2,4.8,0,0.00,0.00,0.00,0.00,0,0,0,0,0,0,0,0,0,0,0,0,0,0.0,0.0,0.0,0.0,0,0,0,0,0,0,0,334,582,591,544,0,0
23,Leandro,Trossard,Trossard,1,3,6.9,12,0.26,0.13,0.39,1.85,172,1,0,1,1,0,0,0,0,0,0,1,51,56.6,37.2,52.0,14.7,2,0.14,0.0,0.07,0.21,0.97,0.52,30,75,118,148,1.05,0.52
24,Benjamin,White,White,1,2,6.5,20,0.11,0.09,0.20,4.32,360,0,0,3,1,0,0,0,0,0,0,0,76,47.2,10.8,17.0,7.5,4,0.03,0.0,0.02,0.05,1.08,0.25,45,41,37,53,1.0,0.75
25,Oleksandr,Zinchenko,Zinchenko,1,2,4.9,7,0.00,0.04,0.04,0.60,78,0,0,1,0,0,0,0,0,0,0,0,25,7.2,4.9,6.0,1.8,1,0.0,0.0,0.05,0.05,0.69,0.0,298,353,91,138,1.15,1.15
73,Norberto,Murara Neto,Neto,1,1,4.4,7,0.00,0.00,0.00,2.91,180,0,0,0,2,0,0,0,0,0,11,0,30,77.8,0.0,0.0,7.8,2,0.0,5.5,0.0,0.0,1.46,1.0,513,227,88,161,1.0,0.0
186,Raheem,Sterling,Sterling,1,3,6.8,1,0.00,0.00,0.00,0.13,10,0,0,0,0,0,0,0,0,0,0,0,2,0.0,0.0,2.0,0.2,0,0.0,0.0,0.0,0.0,1.17,0.0,37,379,378,182,0.0,0.0
578,Riccardo,Calafiori,Calafiori,1,2,5.8,2,0.00,0.00,0.00,1.05,42,0,0,0,0,0,0,0,0,0,0,0,5,2.4,0.1,0.0,0.2,0,0.0,0.0,0.0,0.0,2.25,0.0,98,310,370,177,0.0,0.0
597,Myles,Lewis-Skelly,Lewis-Skelly,1,3,4.5,0,0.00,0.00,0.00,0.00,0,0,0,0,0,0,0,0,0,0,0,0,0,0.0,0.0,0.0,0.0,0,0,0,0,0,0,0,462,546,558,507,0,0
633,Mikel,Merino,Merino,1,3,6.0,0,0.00,0.00,0.00,0.00,0,0,0,0,0,0,0,0,0,0,0,0,0,0.0,0.0,0.0,0.0,0,0,0,0,0,0,0,80,647,649,631,0,0
638,Salah-Eddine,Oulad M'hand,Oulad M'hand,1,3,4.5,0,0.00,0.00,0.00,0.00,0,0,0,0,0,0,0,0,0,0,0,0,0,0.0,0.0,0.0,0.0,0,0,0,0,0,0,0,461,545,557,615,0,0
639,Tommy,Setford,Setford,1,1,4.5,0,0.00,0.00,0.00,0.00,0,0,0,0,0,0,0,0,0,0,0,0,0,0.0,0.0,0.0,0.0,0,0,0,0,0,0,0,487,566,575,612,0,0
657,Maldini,Kacurri,Kacurri,1,2,4.0,0,0.00,0.00,0.00,0.00,0,0,0,0,0,0,0,0,0,0,0,0,0,0.0,0.0,0.0,0.0,0,0,0,0,0,0,0,657,451,470,609,0,0
658,Ayden,Heaven,Heaven,1,2,4.0,0,0.00,0.00,0.00,0.00,0,0,0,0,0,0,0,0,0,0,0,0,0,0.0,0.0,0.0,0.0,0,0,0,0,0,0,0,658,452,471,619,0,0
659,Ismeal,Kabia,Kabia,1,3,4.5,0,0.00,0.00,0.00,0.00,0,0,0,0,0,0,0,0,0,0,0,0,0,0.0,0.0,0.0,0.0,0,0,0,0,0,0,0,501,576,585,650,0,0
28,Leon,Bailey,Bailey,2,3,6.4,4,0.25,0.24,0.49,2.26,178,0,0,0,3,0,0,0,1,0,0,0,12,14.6,45.5,30.0,8.8,3,0.13,0.0,0.12,0.25,1.14,1.52,56,270,257,171,1.52,0.0
29,Ross,Barkley,Barkley,2,3,5.3,6,0.05,0.10,0.15,0.89,87,0,1,0,2,0,0,0,0,0,0,0,25,25.4,29.0,8.0,6.2,0,0.05,0.0,0.1,0.15,0.92,2.07,169,152,188,250,0.0,0.0
30,Enzo,Barrenechea,Barrenechea,2,3,4.9,0,0.00,0.00,0.00,0.00,0,0,0,0,0,0,0,0,0,0,0,0,0,0.0,0.0,0.0,0.0,0,0,0,0,0,0,0,325,604,611,566,0,0
31,Emiliano,Buendía Stati,Buendia,2,3,5.4,1,0.00,0.01,0.01,0.09,6,0,0,0,0,0,0,0,0,0,0,0,3,0.6,0.4,0.0,0.1,0,0.0,0.0,0.15,0.15,1.35,0.0,147,369,356,451,0.0,0.0
32,Matty,Cash,Cash,2,2,4.4,3,0.00,0.01,0.01,1.53,96,0,0,0,1,0,0,0,0,0,0,0,10,9.6,12.4,4.0,2.6,2,0.0,0.0,0.01,0.01,1.43,0.94,534,330,226,170,1.88,0.0
33,Leander,Dendoncker,Dendoncker,2,3,4.5,0,0.00,0.00,0.00,0.00,0,0,0,0,0,0,0,0,0,0,0,0,0,0.0,0.0,0.0,0.0,0,0,0,0,0,0,0,369,502,515,238,0,0
34,Moussa,Diaby,Diaby,2,3,6.5,0,0.00,0.00,0.00,0.00,0,0,0,0,0,0,0,0,0,0,0,0,0,0.0,0.0,0.0,0.0,0,0,0,0,0,0,0,47,652,653,587,0,0
35,Diego Carlos,Santos Silva,Diego Carlos,2,2,4.5,0,0.00,0.00,0.00,0.00,0,0,0,0,0,0,0,0,0,0,0,0,0,0.0,0.0,0.0,0.0,0,0,0,0,0,0,0,374,504,517,276,0,0
36,Lucas,Digne,Digne,2,2,4.6,15,0.00,0.94,0.94,3.00,306,0,2,0,5,0,0,0,0,0,0,2,71,100.2,94.9,2.0,19.7,4,0.0,0.0,0.28,0.28,0.88,1.47,345,46,78,57,1.18,0.0
37,Lewis,Dobbin,Dobbin,2,3,5.0,0,0.00,0.00,0.00,0.00,0,0,0,0,0,0,0,0,0,0,0,0,0,0.0,0.0,0.0,0.0,0,0,0,0,0,0,0,241,618,624,651,0,0
38,Jhon,Durán,Duran,2,4,6.1,20,1.04,0.14,1.18,2.19,103,3,0,0,3,0,0,0,1,0,0,5,85,99.4,9.2,85.0,19.4,0,0.91,0.0,0.12,1.03,1.91,2.62,75,40,36,102,0.0,0.0
39,Joe,Gauci,Gauci,2,1,4.0,0,0.00,0.00,0.00,0.00,0,0,0,0,0,0,0,0,0,0,0,0,0,0.0,0.0,0.0,0.0,0,0,0,0,0,0,0,626,424,443,204,0,0
40,Kortney,Hause,Hause,2,2,4.0,0,0.00,0.00,0.00,0.00,0,0,0,0,0,0,0,0,0,0,0,0,0,0.0,0.0,0.0,0.0,0,0,0,0,0,0,0,587,394,414,225,0,0
41,Samuel,Iling-Junior,Iling Jr,2,3,5.4,0,0.00,0.00,0.00,0.00,0,0,0,0,0,0,0,0,0,0,0,0,0,0.0,0.0,0.0,0.0,0,0,0,0,0,0,0,159,639,641,558,0,0
42,Boubacar,Kamara,Kamara,2,3,5.0,0,0.00,0.00,0.00,0.00,0,0,0,0,0,0,0,0,0,0,0,0,0,0.0,0.0,0.0,0.0,0,0,0,0,0,0,0,223,612,618,646,0,0
43,Kaine,Kesler-Hayden,Kesler-Hayden,2,2,4.0,0,0.00,0.00,0.00,0.00,0,0,0,0,0,0,0,0,0,0,0,0,0,0.0,0.0,0.0,0.0,0,0,0,0,0,0,0,629,427,446,603,0,0
44,Ezri,Konsa Ngoyo,Konsa,2,2,4.5,6,0.07,0.03,0.10,4.68,360,0,0,0,6,0,0,0,0,0,0,0,42,60.6,23.3,11.0,9.5,4,0.02,0.0,0.01,0.03,1.17,1.5,379,194,228,32,1.0,0.0
45,Ian,Maatsen,Maatsen,2,2,4.9,4,0.01,0.53,0.54,1.72,62,0,0,0,1,0,0,0,0,0,0,0,16,18.6,61.6,6.0,8.6,0,0.01,0.0,0.77,0.78,2.5,1.45,314,247,332,117,0.0,0.0
46,Filip,Marschall,Marschall,2,1,4.0,0,0.00,0.00,0.00,0.00,0,0,0,0,0,0,0,0,0,0,0,0,0,0.0,0.0,0.0,0.0,0,0,0,0,0,0,0,625,423,442,656,0,0
47,Emiliano,Martínez Romero,Martinez,2,1,5.0,6,0.00,0.00,0.00,4.68,360,0,0,0,6,0,0,0,1,0,7,0,30,63.8,0.0,0.0,6.4,4,0.0,1.75,0.0,0.0,1.17,1.5,192,251,237,30,1.0,0.0
48,John,McGinn,McGinn,2,3,5.4,8,0.48,0.35,0.83,2.90,304,0,0,1,4,0,0,0,1,0,0,0,41,12.2,35.3,34.0,8.1,4,0.14,0.0,0.1,0.24,0.86,1.18,141,154,189,154,1.18,0.3
49,Tyrone,Mings,Mings,2,2,4.4,0,0.00,0.00,0.00,0.00,0,0,0,0,0,0,0,0,0,0,0,0,0,0.0,0.0,0.0,0.0,0,0,0,0,0,0,0,524,467,482,521,0,0
50,Kosta,Nedeljković,Nedeljkovic,2,2,4.0,3,0.00,0.02,0.02,1.84,93,0,0,0,2,0,0,0,0,0,0,0,13,22.2,6.3,0.0,2.9,0,0.0,0.0,0.02,0.02,1.78,1.94,656,276,281,143,0.0,0.0
51,Robin,Olsen,Olsen,2,1,4.5,0,0.00,0.00,0.00,0.00,0,0,0,0,0,0,0,0,0,0,0,0,0,0.0,0.0,0.0,0.0,0,0,0,0,0,0,0,366,501,514,444,0,0
52,Pau,Torres,Pau,2,2,4.5,6,0.00,0.06,0.06,4.68,360,0,0,0,6,0,0,0,0,0,0,0,34,63.6,17.8,0.0,8.1,4,0.0,0.0,0.02,0.02,1.17,1.5,411,198,230,121,1.0,0.0
53,Jacob,Ramsey,Ramsey,2,3,5.5,9,0.41,0.76,1.17,2.75,184,0,1,0,5,0,0,0,0,0,0,0,45,39.8,43.9,57.0,14.2,1,0.2,0.0,0.37,0.57,1.35,2.45,117,182,161,269,0.49,0.0
54,Morgan,Rogers,Rogers,2,3,5.1,8,0.55,0.39,0.94,4.68,360,0,0,0,6,0,0,0,0,0,0,0,42,60.8,74.2,86.0,22.2,4,0.14,0.0,0.1,0.24,1.17,1.5,184,151,187,22,1.0,0.0
55,Viljami,Sinisalo,Sinisalo,2,1,4.0,0,0.00,0.00,0.00,0.00,0,0,0,0,0,0,0,0,0,0,0,0,0,0.0,0.0,0.0,0.0,0,0,0,0,0,0,0,616,416,435,657,0,0
56,Lino,da Cruz Sousa,Sousa,2,2,4.0,0,0.00,0.00,0.00,0.00,0,0,0,0,0,0,0,0,0,0,0,0,0,0.0,0.0,0.0,0.0,0,0,0,0,0,0,0,644,440,459,438,0,0
57,Youri,Tielemans,Tielemans,2,3,5.5,12,0.18,1.00,1.18,4.68,360,0,1,0,6,0,0,0,1,0,0,2,78,90.6,125.4,10.0,22.6,4,0.04,0.0,0.25,0.29,1.17,1.5,111,180,111,178,1.0,0.0
58,Ollie,Watkins,Watkins,2,4,8.9,22,2.76,0.08,2.84,2.62,268,2,1,2,3,0,0,0,0,0,0,3,66,86.6,48.9,142.0,27.7,4,0.93,0.0,0.03,0.96,0.88,1.01,8,12,24,12,1.34,0.67
233,Amadou,Onana,Onana,2,3,5.1,21,1.11,0.08,1.19,3.79,271,2,0,1,4,0,0,0,2,0,0,5,72,85.2,28.6,82.0,19.7,4,0.37,0.0,0.03,0.4,1.26,1.33,185,70,26,35,1.33,0.33
569,Jaden,Philogene,Jaden,2,3,5.3,1,0.07,0.01,0.08,1.15,17,0,0,0,0,0,0,0,1,0,0,0,6,1.0,1.5,4.0,0.6,0,0.37,0.0,0.05,0.42,6.09,0.0,180,366,400,515,0.0,0.0
598,Lamare,Bogarde,Bogarde,2,2,4.0,2,0.00,0.08,0.08,1.30,168,0,0,0,3,0,0,0,1,0,0,0,6,28.8,15.5,0.0,4.4,2,0.0,0.0,0.04,0.04,0.7,1.61,646,275,280,278,1.07,0.0
640,Sil,Swinkels,Swinkels,2,2,4.0,0,0.00,0.00,0.00,0.00,0,0,0,0,0,0,0,0,0,0,0,0,0,0.0,0.0,0.0,0.0,0,0,0,0,0,0,0,643,439,458,532,0,0
641,Oliwier,Zych,Zych,2,1,4.0,0,0.00,0.00,0.00,0.00,0,0,0,0,0,0,0,0,0,0,0,0,0,0.0,0.0,0.0,0.0,0,0,0,0,0,0,0,647,442,461,296,0,0
656,Kadan,Young,Young,2,3,4.5,0,0.00,0.00,0.00,0.00,0,0,0,0,0,0,0,0,0,0,0,0,0,0.0,0.0,0.0,0.0,0,0,0,0,0,0,0,482,562,571,421,0,0
59,Max,Aarons,Aarons,3,2,4.4,0,0.00,0.00,0.00,0.00,0,0,0,0,0,0,0,0,0,0,0,0,0,0.0,0.0,0.0,0.0,0,0,0,0,0,0,0,548,482,497,356,0,0
60,Tyler,Adams,Adams,3,3,5.0,0,0.00,0.00,0.00,0.00,0,0,0,0,0,0,0,0,0,0,0,0,0,0.0,0.0,0.0,0.0,0,0,0,0,0,0,0,206,609,615,633,0,0
61,Jaidon,Anthony,Anthony,3,3,4.5,0,0.00,0.00,0.00,0.00,0,0,0,0,0,0,0,0,0,0,0,0,0,0.0,0.0,0.0,0.0,0,0,0,0,0,0,0,421,520,532,333,0,0
62,David,Brooks,Brooks,3,3,4.9,0,0.00,0.00,0.00,0.00,0,0,0,0,0,0,0,0,0,0,0,0,0,0.0,0.0,0.0,0.0,0,0,0,0,0,0,0,280,587,595,618,0,0
63,Ryan,Christie,Christie,3,3,4.9,7,0.08,0.12,0.20,2.71,222,0,0,2,2,0,0,0,2,0,0,0,34,34.6,68.3,15.0,11.8,3,0.03,0.0,0.05,0.08,1.1,0.81,287,143,202,352,1.22,0.81
64,Lewis,Cook,Cook,3,3,5.0,11,0.23,0.54,0.77,5.40,353,1,0,0,5,0,0,0,2,0,0,0,63,80.4,59.1,44.0,18.3,4,0.06,0.0,0.14,0.2,1.38,1.27,197,82,124,422,1.02,0.0
65,Enes,Ünal,Enes Ünal,3,4,5.4,1,0.08,0.04,0.12,0.30,7,0,0,0,1,0,0,0,0,0,0,0,7,7.2,10.3,24.0,4.2,0,1.03,0.0,0.51,1.54,3.86,12.86,145,368,354,582,0.0,0.0
66,Romain,Faivre,Faivre,3,3,5.0,0,0.00,0.00,0.00,0.00,0,0,0,0,0,0,0,0,0,0,0,0,0,0.0,0.0,0.0,0.0,0,0,0,0,0,0,0,237,616,622,624,0,0
67,Hamed,Traorè,H.Traorè,3,3,4.5,0,0.00,0.00,0.00,0.00,0,0,0,0,0,0,0,0,0,0,0,0,0,0.0,0.0,0.0,0.0,0,0,0,0,0,0,0,414,518,530,434,0,0
68,James,Hill,Hill,3,2,4.0,0,0.00,0.00,0.00,0.00,0,0,0,0,0,0,0,0,0,0,0,0,0,0.0,0.0,0.0,0.0,0,0,0,0,0,0,0,628,426,445,281,0,0
69,Daniel,Jebbison,Jebbison,3,4,4.5,2,0.00,0.00,0.00,0.34,26,0,0,0,0,0,0,0,0,0,0,0,7,3.2,10.6,2.0,1.6,0,0.0,0.0,0.0,0.0,1.18,0.0,474,342,311,111,0.0,0.0
70,Milos,Kerkez,Kerkez,3,2,4.5,6,0.08,0.08,0.16,5.40,335,0,0,0,5,0,0,0,1,0,0,0,21,44.4,35.5,11.0,9.2,4,0.02,0.0,0.02,0.04,1.45,1.34,483,167,232,273,1.07,0.0
71,Justin,Kluivert,Kluivert,3,3,5.4,10,0.43,0.44,0.87,3.31,261,0,1,2,2,0,0,0,2,0,0,0,31,47.4,81.0,67.0,19.6,3,0.15,0.0,0.15,0.3,1.14,0.69,154,85,139,301,1.03,0.69
72,Chris,Mepham,Mepham,3,2,4.4,0,0.00,0.00,0.00,0.00,0,0,0,0,0,0,0,0,0,0,0,0,0,0.0,0.0,0.0,0.0,0,0,0,0,0,0,0,541,480,495,525,0,0
74,Dango,Ouattara,O.Dango,3,3,5.0,7,0.48,0.79,1.27,2.31,110,0,1,0,2,0,0,0,0,0,0,0,36,41.4,42.4,22.0,10.6,1,0.39,0.0,0.65,1.04,1.89,1.64,259,177,146,584,0.82,0.0
75,Alex,Paulsen,Paulsen,3,1,4.0,0,0.00,0.00,0.00,0.00,0,0,0,0,0,0,0,0,0,0,0,0,0,0.0,0.0,0.0,0.0,0,0,0,0,0,0,0,635,432,451,550,0,0
76,Philip,Billing,Philip,3,3,4.8,2,0.00,0.09,0.09,0.58,21,0,0,0,1,0,0,0,0,0,0,0,5,5.2,4.7,4.0,1.4,0,0.0,0.0,0.39,0.39,2.49,4.29,331,345,315,501,0.0,0.0
77,Alex,Scott,Scott,3,3,4.9,5,0.02,0.03,0.05,2.96,134,0,0,0,3,0,0,0,0,0,0,0,23,41.6,15.8,1.0,5.9,1,0.01,0.0,0.02,0.03,1.99,2.01,328,248,267,520,0.67,0.0
78,Antoine,Semenyo,Semenyo,3,3,5.6,20,1.31,1.33,2.64,5.66,360,2,1,0,5,0,0,0,2,0,0,1,72,105.4,58.7,163.0,32.4,4,0.33,0.0,0.33,0.66,1.42,1.25,104,60,34,65,1.0,0.0
79,Marcos,Senesi,Senesi,3,2,4.9,3,0.00,0.09,0.09,4.28,256,0,0,0,4,0,0,0,2,0,0,0,16,74.0,30.9,6.0,11.2,3,0.0,0.0,0.03,0.03,1.5,1.41,302,246,328,228,1.05,0.0
80,Luis,Sinisterra,Sinisterra,3,3,5.0,15,0.65,0.31,0.96,2.63,128,1,1,0,3,0,0,0,0,0,0,2,55,70.2,40.7,83.0,19.5,1,0.46,0.0,0.22,0.68,1.85,2.11,221,49,82,249,0.7,0.0
81,Adam,Smith,Smith,3,2,4.5,9,0.00,0.01,0.01,1.63,153,0,0,1,1,0,0,0,1,0,0,0,35,25.6,14.9,0.0,4.0,2,0.0,0.0,0.01,0.01,0.96,0.59,349,122,153,378,1.18,0.59
83,Marcus,Tavernier,Tavernier,3,3,5.5,16,2.02,0.64,2.66,5.31,346,1,0,1,4,0,0,0,0,0,0,2,61,92.4,155.7,167.0,41.6,4,0.53,0.0,0.17,0.7,1.38,1.04,114,38,71,293,1.04,0.26
84,Mark,Travers,Travers,3,1,4.4,2,0.00,0.00,0.00,0.78,90,0,0,0,1,0,0,0,0,0,2,0,8,14.4,0.0,0.0,1.4,1,0.0,2.0,0.0,0.0,0.78,1.0,544,279,164,401,1.0,0.0
85,Illia,Zabarnyi,Zabarnyi,3,2,4.5,7,0.19,0.04,0.23,5.66,360,0,0,0,5,0,0,0,0,0,0,0,36,61.8,12.4,10.0,8.4,4,0.05,0.0,0.01,0.06,1.42,1.25,440,166,199,286,1.0,0.0
152,Kepa,Arrizabalaga,Arrizabalaga,3,1,4.5,3,0.00,0.00,0.00,1.97,90,0,0,0,2,0,0,0,0,0,6,0,12,44.0,0.0,0.0,4.4,1,0.0,6.0,0.0,0.0,1.97,2.0,363,230,102,259,1.0,0.0
580,Dean,Huijsen,Huijsen,3,2,4.5,3,0.00,0.01,0.01,1.38,103,0,0,0,1,0,0,0,0,0,0,0,13,32.0,10.9,0.0,4.3,1,0.0,0.0,0.01,0.01,1.21,0.87,490,343,233,436,0.87,0.0
592,Julián,Araujo Zúñiga,J.Araujo,3,2,4.5,5,0.00,0.02,0.02,4.05,203,0,0,0,4,0,0,0,0,0,0,0,7,18.8,4.4,2.0,2.6,2,0.0,0.0,0.01,0.01,1.8,1.77,417,199,264,350,0.89,0.0
599,Will,Dennis,Dennis,3,1,4.0,0,0.00,0.00,0.00,0.00,0,0,0,0,0,0,0,0,0,0,0,0,0,0.0,0.0,0.0,0.0,0,0,0,0,0,0,0,621,421,440,277,0,0
617,Francisco Evanilson,de Lima Barbosa,Evanilson,3,4,5.9,4,1.86,0.15,2.01,2.77,202,0,0,2,2,0,0,1,0,0,0,0,10,14.4,15.6,77.0,10.5,3,0.83,0.0,0.07,0.9,1.23,0.89,91,217,255,326,1.34,0.89
86,Kristoffer,Ajer,Ajer,4,2,4.5,5,0.28,0.03,0.31,5.77,289,0,0,0,5,0,0,0,0,0,0,0,14,32.6,19.2,39.0,9.1,4,0.09,0.0,0.01,0.1,1.8,1.56,377,231,261,287,1.25,0.0
87,Ethan,Brierley,Brierley,4,3,4.5,0,0.00,0.00,0.00,0.00,0,0,0,0,0,0,0,0,0,0,0,0,0,0.0,0.0,0.0,0.0,0,0,0,0,0,0,0,456,541,553,450,0,0
88,Nathan,Collins,Collins,4,2,4.5,12,0.53,0.01,0.54,7.56,360,0,2,0,6,0,0,0,1,0,0,1,57,136.2,2.3,84.0,22.3,4,0.13,0.0,0.0,0.13,1.89,1.5,416,141,105,190,1.0,0.0
89,Mikkel,Damsgaard,Damsgaard,4,3,5.0,7,0.23,0.37,0.60,4.67,204,0,0,1,3,0,0,0,0,0,0,0,36,41.0,58.3,46.0,14.6,2,0.1,0.0,0.16,0.26,2.06,1.32,236,146,208,484,0.88,0.44
90,Josh,Dasilva,Dasilva,4,3,4.9,0,0.00,0.00,0.00,0.00,0,0,0,0,0,0,0,0,0,0,0,0,0,0.0,0.0,0.0,0.0,0,0,0,0,0,0,0,294,593,601,636,0,0
91,Mark,Flekken,Flekken,4,1,4.5,12,0.00,0.01,0.01,7.56,360,0,0,0,6,0,0,0,0,0,22,0,72,178.8,0.0,0.0,17.8,4,0.0,5.5,0.0,0.0,1.89,1.5,367,111,103,38,1.0,0.0
92,Rico,Henry,Henry,4,2,4.4,0,0.00,0.00,0.00,0.00,0,0,0,0,0,0,0,0,0,0,0,0,0,0.0,0.0,0.0,0.0,0,0,0,0,0,0,0,532,473,488,531,0,0
93,Aaron,Hickey,Hickey,4,2,4.4,0,0.00,0.00,0.00,0.00,0,0,0,0,0,0,0,0,0,0,0,0,0,0.0,0.0,0.0,0.0,0,0,0,0,0,0,0,557,490,505,593,0,0
94,Vitaly,Janelt,Janelt,4,3,4.9,9,0.07,0.19,0.26,5.14,290,0,0,1,5,0,0,0,0,0,0,0,46,27.0,36.3,7.0,7.1,4,0.02,0.0,0.06,0.08,1.6,1.55,297,126,156,358,1.24,0.31
95,Mathias,Jensen,Jensen,4,3,5.4,9,0.10,0.46,0.56,4.17,238,0,1,0,3,0,0,0,1,0,0,1,39,38.8,84.8,5.0,12.9,3,0.04,0.0,0.17,0.21,1.58,1.13,150,131,110,433,1.13,0.0
96,Kim,Ji-soo,Ji-soo,4,2,4.0,0,0.00,0.00,0.00,0.00,0,0,0,0,0,0,0,0,0,0,0,0,0,0.0,0.0,0.0,0.0,0,0,0,0,0,0,0,654,449,468,343,0,0
97,Yunus Emre,Konak,Konak,4,3,4.5,0,0.00,0.00,0.00,0.00,0,0,0,0,0,0,0,0,0,0,0,0,0,0.0,0.0,0.0,0.0,0,0,0,0,0,0,0,506,580,589,485,0,0
98,Keane,Lewis-Potter,Lewis-Potter,4,3,5.0,6,0.08,0.06,0.14,5.36,186,0,0,0,4,0,0,0,0,0,0,0,25,20.8,18.0,30.0,6.9,2,0.04,0.0,0.03,0.07,2.59,1.94,233,176,240,518,0.97,0.0
99,Bryan,Mbeumo,Mbeumo,4,3,7.1,26,1.12,1.26,2.38,7.56,359,3,0,0,6,0,0,0,2,0,0,5,117,138.4,158.0,89.0,38.6,4,0.28,0.0,0.32,0.6,1.9,1.5,24,22,11,47,1.0,0.0
100,Ben,Mee,Mee,4,2,4.4,1,0.00,0.00,0.00,0.00,1,0,0,0,0,0,0,0,0,0,0,0,3,0.0,0.1,0.0,0.0,0,0.0,0.0,0.0,0.0,0.0,0.0,509,459,284,233,0.0,0.0
101,Christian,Nørgaard,Nørgaard,4,3,4.9,7,0.37,0.07,0.44,7.56,360,0,0,0,6,0,0,0,1,0,0,0,62,66.8,47.2,17.0,13.1,4,0.09,0.0,0.02,0.11,1.89,1.5,282,170,201,430,1.0,0.0
102,Frank,Onyeka,Onyeka,4,3,4.9,2,0.00,0.02,0.02,0.69,23,0,0,0,0,0,0,0,0,0,0,0,3,0.0,0.5,0.0,0.0,0,0.0,0.0,0.08,0.08,2.7,0.0,309,356,330,585,0.0,0.0
103,Myles,Peart-Harris,Peart-Harris,4,3,4.5,0,0.00,0.00,0.00,0.00,0,0,0,0,0,0,0,0,0,0,0,0,0,0.0,0.0,0.0,0.0,0,0,0,0,0,0,0,425,522,534,559,0,0
104,Ethan,Pinnock,Pinnock,4,2,4.5,3,0.23,0.04,0.27,7.56,360,0,0,0,6,1,0,0,1,0,0,0,31,74.8,1.7,70.0,14.7,4,0.06,0.0,0.01,0.07,1.89,1.5,401,235,383,285,1.0,0.0
105,Mads,Roerslev Rasmussen,Roerslev,4,2,4.5,5,0.01,0.18,0.19,5.61,249,0,0,0,4,0,0,0,0,0,0,0,8,24.2,14.8,9.0,4.8,2,0.0,0.0,0.07,0.07,2.03,1.45,397,234,263,452,0.72,0.0
106,Kevin,Schade,Schade,4,3,5.4,10,0.36,0.03,0.39,3.16,209,0,1,1,1,0,0,0,0,0,0,0,25,20.6,26.7,37.0,8.5,2,0.16,0.0,0.01,0.17,1.36,0.43,163,119,140,426,0.86,0.43
107,Igor Thiago,Nascimento Rodrigues,Thiago,4,4,5.9,0,0.00,0.00,0.00,0.00,0,0,0,0,0,0,0,0,0,0,0,0,0,0.0,0.0,0.0,0.0,0,0,0,0,0,0,0,92,646,648,591,0,0
108,Ivan,Toney,Toney,4,4,7.3,0,0.00,0.00,0.00,0.00,0,0,0,0,0,0,0,0,0,0,0,0,0,0.0,0.0,0.0,0.0,0,0,0,0,0,0,0,21,657,658,147,0,0
109,Hákon,Valdimarsson,Valdimarsson,4,1,4.0,0,0.00,0.00,0.00,0.00,0,0,0,0,0,0,0,0,0,0,0,0,0,0.0,0.0,0.0,0.0,0,0,0,0,0,0,0,641,437,456,91,0,0
110,Yoane,Wissa,Wissa,4,4,6.1,28,2.43,0.27,2.70,5.38,290,3,1,0,6,0,0,0,1,0,0,7,121,130.2,56.9,150.0,33.7,4,0.75,0.0,0.08,0.83,1.67,1.86,74,21,9,68,1.24,0.0
111,Yehor,Yarmoliuk,Yarmoliuk,4,3,4.5,1,0.04,0.00,0.04,0.00,6,0,0,0,0,0,0,0,0,0,0,0,2,0.0,0.3,1.0,0.0,0,0.6,0.0,0.0,0.6,0.0,0.0,468,341,309,124,0.0,0.0
112,Mathias,Jorgensen,Zanka,4,2,4.5,0,0.00,0.00,0.00,0.00,0,0,0,0,0,0,0,0,0,0,0,0,0,0.0,0.0,0.0,0.0,0,0,0,0,0,0,0,347,495,509,590,0,0
314,Fábio,Freitas Gouveia Carvalho,Carvalho,4,3,4.8,4,0.08,0.01,0.09,2.73,56,0,0,0,2,0,0,0,0,0,0,0,13,5.8,2.9,13.0,2.2,0,0.13,0.0,0.02,0.15,4.39,3.21,335,241,316,206,0.0,0.0
338,Sepp,van den Berg,Van den Berg,4,2,4.0,2,0.00,0.01,0.01,2.70,105,0,0,0,3,0,0,0,0,0,0,0,7,15.8,1.0,2.0,1.9,1,0.0,0.0,0.01,0.01,2.31,2.57,622,274,279,194,0.86,0.0
602,Ryan,Trevitt,Trevitt,4,3,4.5,0,0.00,0.00,0.00,0.00,0,0,0,0,0,0,0,0,0,0,0,0,0,0.0,0.0,0.0,0.0,0,0,0,0,0,0,0,503,578,587,504,0,0
634,Gustavo,Nunes Fernandes Gomes,G.Nunes,4,3,5.0,0,0.00,0.00,0.00,0.00,0,0,0,0,0,0,0,0,0,0,0,0,0,0.0,0.0,0.0,0.0,0,0,0,0,0,0,0,268,634,636,647,0,0
649,Jayden,Meghoma,Meghoma,4,2,4.0,0,0.00,0.00,0.00,0.00,0,0,0,0,0,0,0,0,0,0,0,0,0,0.0,0.0,0.0,0.0,0,0,0,0,0,0,0,637,434,453,598,0,0
113,Simon,Adingra,Adingra,5,3,5.5,12,0.29,0.63,0.92,0.45,73,1,1,0,0,0,0,0,0,0,0,0,41,57.0,19.9,39.0,11.6,0,0.36,0.0,0.78,1.14,0.55,0.0,131,157,113,200,0.0,0.0
114,Benicio,Baker-Boaitey,Baker-Boaitey,5,3,4.5,0,0.00,0.00,0.00,0.00,0,0,0,0,0,0,0,0,0,0,0,0,0,0.0,0.0,0.0,0.0,0,0,0,0,0,0,0,438,530,542,643,0,0
115,Carlos,Baleba,Baleba,5,3,5.0,6,0.38,0.07,0.45,2.53,197,0,0,1,1,0,0,0,0,0,0,0,39,28.8,31.3,25.0,8.6,2,0.17,0.0,0.03,0.2,1.16,0.46,260,150,186,488,0.91,0.46
116,Valentín,Barco,Barco,5,2,4.0,0,0.00,0.00,0.00,0.00,0,0,0,0,0,0,0,0,0,0,0,0,0,0.0,0.0,0.0,0.0,0,0,0,0,0,0,0,650,445,464,48,0,0
118,Amario,Cozier-Duberry,Cozier-Duberry,5,3,4.5,0,0.00,0.00,0.00,0.00,0,0,0,0,0,0,0,0,0,0,0,0,0,0.0,0.0,0.0,0.0,0,0,0,0,0,0,0,473,554,563,482,0,0
119,Mahmoud,Dahoud,Dahoud,5,3,4.9,0,0.00,0.00,0.00,0.00,0,0,0,0,0,0,0,0,0,0,0,0,0,0.0,0.0,0.0,0.0,0,0,0,0,0,0,0,290,590,598,594,0,0
120,Lewis,Dunk,Dunk,5,2,4.6,16,0.16,0.25,0.41,4.31,345,0,0,2,2,0,0,0,0,0,0,0,77,64.0,52.6,10.0,12.6,4,0.04,0.0,0.07,0.11,1.12,0.52,344,80,68,52,1.04,0.52
121,Julio,Enciso,Enciso,5,3,5.4,3,0.08,0.12,0.20,0.24,39,0,0,0,0,0,0,0,0,0,0,0,14,13.6,42.1,10.0,6.4,0,0.18,0.0,0.28,0.46,0.55,0.0,160,262,358,461,0.0,0.0
122,Pervis,Estupiñán,Estupiñan,5,2,5.0,1,0.04,0.07,0.11,0.94,18,0,0,0,0,0,0,0,0,0,0,0,5,3.8,33.7,8.0,4.6,0,0.2,0.0,0.35,0.55,4.7,0.0,210,361,339,247,0.0,0.0
123,Evan,Ferguson,Ferguson,5,4,5.5,1,0.06,0.00,0.06,0.00,5,0,0,0,0,0,0,0,0,0,0,0,1,0.0,0.0,1.0,0.0,0,1.08,0.0,0.0,1.08,0.0,0.0,128,373,363,355,0.0,0.0
124,Billy,Gilmour,Gilmour,5,3,5.0,3,0.08,0.04,0.12,1.32,97,0,0,0,1,0,0,0,0,0,0,0,21,11.4,11.9,2.0,2.5,1,0.07,0.0,0.04,0.11,1.22,0.93,230,296,239,493,0.93,0.0
125,Pascal,Groß,Gross,5,3,6.5,0,0.00,0.00,0.00,0.00,0,0,0,0,0,0,0,0,0,0,0,0,0,0.0,0.0,0.0,0.0,0,0,0,0,0,0,0,43,650,651,557,0,0
126,Jack,Hinshelwood,Hinshelwood,5,3,5.0,9,0.20,0.45,0.65,4.17,336,0,0,2,2,0,0,0,1,0,0,0,50,40.8,57.3,31.0,13.0,4,0.05,0.0,0.12,0.17,1.12,0.54,258,149,159,494,1.07,0.54
127,Ibrahim,Osman,I.Osman,5,3,5.0,0,0.00,0.00,0.00,0.00,0,0,0,0,0,0,0,0,0,0,0,0,0,0.0,0.0,0.0,0.0,0,0,0,0,0,0,0,266,632,634,637,0,0
128,Igor Julio,dos Santos de Paulo,Igor,5,2,4.4,0,0.00,0.00,0.00,0.00,0,0,0,0,0,0,0,0,0,0,0,0,0,0.0,0.0,0.0,0.0,0,0,0,0,0,0,0,540,479,494,445,0,0
129,João Pedro,Junqueira de Jesus,João Pedro,5,4,5.7,18,0.88,0.26,1.14,3.96,261,2,0,1,2,0,0,0,1,0,0,5,84,97.4,49.6,93.0,24.0,3,0.3,0.0,0.09,0.39,1.37,0.69,103,28,16,8,1.03,0.34
130,Kacper,Kozłowski,Kozlowski,5,3,4.5,0,0.00,0.00,0.00,0.00,0,0,0,0,0,0,0,0,0,0,0,0,0,0.0,0.0,0.0,0.0,0,0,0,0,0,0,0,442,532,544,659,0,0
131,Tariq,Lamptey,Lamptey,5,2,4.5,0,0.00,0.00,0.00,0.00,0,0,0,0,0,0,0,0,0,0,0,0,0,0.0,0.0,0.0,0.0,0,0,0,0,0,0,0,403,511,523,374,0,0
132,Solly,March,March,5,3,6.5,0,0.00,0.00,0.00,0.00,0,0,0,0,0,0,0,0,0,0,0,0,0,0.0,0.0,0.0,0.0,0,0,0,0,0,0,0,44,651,652,635,0,0
133,Adrian,Mazilu,Mazilu,5,3,4.5,0,0.00,0.00,0.00,0.00,0,0,0,0,0,0,0,0,0,0,0,0,0,0.0,0.0,0.0,0.0,0,0,0,0,0,0,0,486,565,574,577,0,0
134,James,Milner,Milner,5,3,5.0,5,0.16,0.15,0.31,1.98,169,0,0,1,1,0,0,0,1,0,0,0,24,28.6,66.3,12.0,10.7,3,0.09,0.0,0.08,0.17,1.05,0.53,186,249,219,478,1.6,0.53
135,Yankuba,Minteh,Minteh,5,3,5.5,12,0.48,1.10,1.58,2.91,272,0,2,1,2,0,0,0,2,0,0,0,40,41.6,95.6,72.0,20.9,4,0.16,0.0,0.36,0.52,0.96,0.66,133,120,114,115,1.32,0.33
136,Mitoma,Kaoru,Mitoma,5,3,6.7,19,1.66,0.78,2.44,4.20,351,1,1,2,2,0,0,0,0,0,0,1,63,82.0,51.2,158.0,29.1,4,0.43,0.0,0.2,0.63,1.08,0.51,39,74,49,42,1.03,0.51
137,Jakub,Moder,Moder,5,3,4.5,0,0.00,0.00,0.00,0.00,0,0,0,0,0,0,0,0,0,0,0,0,0,0.0,0.0,0.0,0.0,0,0,0,0,0,0,0,409,514,526,321,0,0
138,Mark,O’Mahony,O’Mahony,5,4,4.5,0,0.00,0.00,0.00,0.00,0,0,0,0,0,0,0,0,0,0,0,0,0,0.0,0.0,0.0,0.0,0,0,0,0,0,0,0,496,572,581,252,0,0
139,Odeluga,Offiah,Offiah,5,2,4.0,0,0.00,0.00,0.00,0.00,0,0,0,0,0,0,0,0,0,0,0,0,0,0.0,0.0,0.0,0.0,0,0,0,0,0,0,0,623,422,441,437,0,0
140,Cameron,Peupion,Peupion,5,3,4.5,0,0.00,0.00,0.00,0.00,0,0,0,0,0,0,0,0,0,0,0,0,0,0.0,0.0,0.0,0.0,0,0,0,0,0,0,0,454,539,551,497,0,0
141,Jeremy,Sarmiento Morante,Sarmiento,5,3,4.9,1,0.00,0.00,0.00,0.00,8,0,0,0,0,0,0,0,0,0,0,0,3,0.2,0.8,0.0,0.1,0,0.0,0.0,0.0,0.0,0.0,0.0,313,600,331,597,0.0,0.0
142,Jason,Steele,Steele,5,1,4.5,9,0.00,0.00,0.00,1.88,180,0,0,1,1,0,0,0,0,0,3,1,46,40.4,0.0,0.0,4.1,2,0.0,1.5,0.0,0.0,0.94,0.5,348,280,53,125,1.0,0.5
143,Deniz,Undav,Undav,5,4,5.5,0,0.00,0.00,0.00,0.00,0,0,0,0,0,0,0,0,0,0,0,0,0,0.0,0.0,0.0,0.0,0,0,0,0,0,0,0,124,644,646,632,0,0
144,Jan Paul,van Hecke,Van Hecke,5,2,4.5,15,0.05,0.08,0.13,4.31,360,0,0,2,2,0,0,0,1,0,0,0,74,77.8,8.6,12.0,9.9,4,0.01,0.0,0.02,0.03,1.08,0.5,437,95,77,213,1.0,0.5
145,Joël,Veltman,Veltman,5,2,4.5,19,0.05,0.48,0.53,3.36,341,0,0,2,2,0,0,0,1,0,0,4,86,63.0,32.5,7.0,10.3,4,0.01,0.0,0.13,0.14,0.89,0.53,364,65,39,97,1.06,0.53
146,Bart,Verbruggen,Verbruggen,5,1,4.5,9,0.00,0.00,0.00,2.43,180,0,0,1,1,0,0,0,1,0,7,0,43,61.2,0.0,0.0,6.1,2,0.0,3.5,0.0,0.0,1.22,0.5,444,96,54,131,1.0,0.5
147,Adam,Webster,Webster,5,2,4.4,1,0.00,0.02,0.02,0.00,14,0,0,0,0,0,0,0,0,0,0,0,9,5.6,0.7,2.0,0.8,0,0.0,0.0,0.13,0.13,0.0,0.0,519,462,287,441,0.0,0.0
148,Danny,Welbeck,Welbeck,5,4,5.7,25,1.59,0.20,1.79,4.20,336,2,1,2,2,0,0,0,0,0,0,6,87,105.0,56.8,139.0,30.1,4,0.43,0.0,0.05,0.48,1.12,0.54,100,53,12,16,1.07,0.54
149,Mats,Wieffer,Wieffer,5,3,5.0,6,0.00,0.02,0.02,0.45,90,0,1,1,0,0,0,0,0,0,0,0,20,31.0,16.3,0.0,4.7,1,0.0,0.0,0.02,0.02,0.45,0.0,243,620,15,467,1.0,1.0
595,Brajan,Gruda,Gruda,5,3,5.4,0,0.00,0.00,0.00,0.00,0,0,0,0,0,0,0,0,0,0,0,0,0,0.0,0.0,0.0,0.0,0,0,0,0,0,0,0,164,640,642,578,0,0
600,Yasin,Ayari,Ayari,5,3,5.0,7,0.52,0.39,0.91,2.32,165,0,0,1,1,0,0,0,0,0,0,0,23,33.6,41.1,50.0,12.5,1,0.28,0.0,0.21,0.49,1.27,0.55,255,148,209,569,0.55,0.55
601,Andrew,Moran,Moran,5,3,5.0,0,0.00,0.00,0.00,0.00,0,0,0,0,0,0,0,0,0,0,0,0,0,0.0,0.0,0.0,0.0,0,0,0,0,0,0,0,257,628,630,642,0,0
615,Carl,Rushworth,Rushworth,5,1,4.0,0,0.00,0.00,0.00,0.00,0,0,0,0,0,0,0,0,0,0,0,0,0,0.0,0.0,0.0,0.0,0,0,0,0,0,0,0,630,428,447,481,0,0
618,Georginio,Rutter,Georginio,5,3,5.5,5,0.54,0.11,0.65,1.25,85,0,0,1,0,0,0,0,0,0,0,0,7,7.0,27.7,40.0,7.0,1,0.57,0.0,0.12,0.69,1.32,0.0,126,183,222,514,1.06,1.06
628,Ferdi,Kadioglu,F.Kadıoğlu,5,2,4.5,1,0.03,0.02,0.05,0.14,23,0,0,0,0,0,0,0,0,0,0,0,5,8.8,21.5,2.0,3.2,0,0.12,0.0,0.08,0.2,0.55,0.0,402,317,299,380,0.0,0.0
629,Matt,O'Riley,O'Riley,5,3,5.5,0,0.00,0.00,0.00,0.00,0,0,0,0,0,0,0,0,0,0,0,0,0,0.0,0.0,0.0,0.0,0,0,0,0,0,0,0,116,642,644,640,0,0
150,Andrey,Nascimento dos Santos,Andrey Santos,6,3,4.5,0,0.00,0.00,0.00,0.00,0,0,0,0,0,0,0,0,0,0,0,0,0,0.0,0.0,0.0,0.0,0,0,0,0,0,0,0,480,560,569,638,0,0
151,Ângelo Gabriel,Borges Damaceno,Ângelo,6,3,4.5,0,0.00,0.00,0.00,0.00,0,0,0,0,0,0,0,0,0,0,0,0,0,0.0,0.0,0.0,0.0,0,0,0,0,0,0,0,472,553,562,340,0,0
153,Benoît,Badiashile,B.Badiashile,6,2,4.4,0,0.00,0.00,0.00,0.00,0,0,0,0,0,0,0,0,0,0,0,0,0,0.0,0.0,0.0,0.0,0,0,0,0,0,0,0,549,483,498,416,0,0
154,Lucas,Bergström,Bergström,6,1,4.0,0,0.00,0.00,0.00,0.00,0,0,0,0,0,0,0,0,0,0,0,0,0,0.0,0.0,0.0,0.0,0,0,0,0,0,0,0,633,430,449,317,0,0
155,Marcus,Bettinelli,Bettinelli,6,1,4.0,0,0.00,0.00,0.00,0.00,0,0,0,0,0,0,0,0,0,0,0,0,0,0.0,0.0,0.0,0.0,0,0,0,0,0,0,0,585,392,412,279,0,0
157,Moisés,Caicedo Corozo,Caicedo,6,3,4.9,8,0.05,0.21,0.26,4.79,345,0,0,1,5,0,0,0,1,0,0,0,54,57.8,41.7,4.0,10.4,4,0.01,0.0,0.05,0.06,1.25,1.3,323,128,179,227,1.04,0.26
158,Cesare,Casadei,Casadei,6,3,4.5,0,0.00,0.00,0.00,0.00,0,0,0,0,0,0,0,0,0,0,0,0,0,0.0,0.0,0.0,0.0,0,0,0,0,0,0,0,467,549,560,406,0,0
160,Ben,Chilwell,Chilwell,6,2,4.8,0,0.00,0.00,0.00,0.00,0,0,0,0,0,0,0,0,0,0,0,0,0,0.0,0.0,0.0,0.0,0,0,0,0,0,0,0,332,581,590,234,0,0
161,Carney,Chukwuemeka,Chukwuemeka,6,3,4.9,0,0.00,0.00,0.00,0.00,0,0,0,0,0,0,0,0,0,0,0,0,0,0.0,0.0,0.0,0.0,0,0,0,0,0,0,0,319,602,609,498,0,0
162,Levi,Colwill,Colwill,6,2,4.5,9,0.18,0.17,0.35,4.91,360,0,0,1,5,0,0,0,1,0,0,0,51,83.4,21.6,24.0,13.0,4,0.04,0.0,0.04,0.08,1.23,1.25,429,113,155,166,1.0,0.25
163,Marc,Cucurella Saseta,Cucurella,6,2,5.0,9,0.00,0.24,0.24,4.71,341,0,0,1,4,0,0,0,2,0,0,0,53,47.0,17.2,10.0,7.4,4,0.0,0.0,0.06,0.06,1.24,1.06,200,129,157,67,1.06,0.26
164,David Datro,Fofana,D.D.Fofana,6,4,5.4,0,0.00,0.00,0.00,0.00,0,0,0,0,0,0,0,0,0,0,0,0,0,0.0,0.0,0.0,0.0,0,0,0,0,0,0,0,166,641,643,446,0,0
165,Deivid Washington,de Souza Eugênio,Deivid,6,4,5.0,0,0.00,0.00,0.00,0.00,0,0,0,0,0,0,0,0,0,0,0,0,0,0.0,0.0,0.0,0.0,0,0,0,0,0,0,0,267,633,635,410,0,0
166,Kiernan,Dewsbury-Hall,Dewsbury-Hall,6,3,5.8,2,0.00,0.01,0.01,0.23,38,0,0,0,1,0,0,0,0,0,0,0,5,2.0,1.8,0.0,0.4,0,0.0,0.0,0.02,0.02,0.54,2.37,96,375,368,397,0.0,0.0
167,Axel,Disasi,Disasi,6,2,4.4,6,0.00,0.00,0.00,1.55,61,0,0,1,0,0,0,0,0,0,0,0,23,6.6,1.3,0.0,0.8,1,0.0,0.0,0.0,0.0,2.29,0.0,538,137,14,289,1.48,1.48
168,Enzo,Fernández,Enzo,6,3,5.0,6,0.22,0.20,0.42,3.13,270,0,0,0,5,0,0,0,0,0,0,0,42,43.6,62.9,34.0,14.1,3,0.07,0.0,0.07,0.14,1.04,1.67,239,211,185,164,1.0,0.0
169,Conor,Gallagher,Gallagher,6,3,5.9,0,0.00,0.00,0.00,0.00,0,0,0,0,0,0,0,0,0,0,0,0,0,0.0,0.0,0.0,0.0,0,0,0,0,0,0,0,90,645,647,367,0,0
170,Alfie,Gilchrist,Gilchrist,6,2,4.0,0,0.00,0.00,0.00,0.00,0,0,0,0,0,0,0,0,0,0,0,0,0,0.0,0.0,0.0,0.0,0,0,0,0,0,0,0,642,438,457,506,0,0
171,Malo,Gusto,Gusto,6,2,4.9,3,0.03,0.11,0.14,2.82,253,0,0,0,5,0,0,0,1,0,0,0,16,28.2,21.6,14.0,6.4,3,0.01,0.0,0.04,0.05,1.0,1.78,322,293,335,146,1.07,0.0
172,Reece,James,James,6,2,5.0,0,0.00,0.00,0.00,0.00,0,0,0,0,0,0,0,0,0,0,0,0,0,0.0,0.0,0.0,0.0,0,0,0,0,0,0,0,222,611,617,476,0,0
173,Omari,Kellyman,Kellyman,6,3,4.5,0,0.00,0.00,0.00,0.00,0,0,0,0,0,0,0,0,0,0,0,0,0,0.0,0.0,0.0,0.0,0,0,0,0,0,0,0,484,563,572,543,0,0
174,Roméo,Lavia,Lavia,6,3,4.5,2,0.00,0.18,0.18,0.66,65,0,0,0,1,0,0,0,0,0,0,0,18,15.2,13.5,0.0,2.9,1,0.0,0.0,0.25,0.25,0.91,1.38,470,551,173,198,1.38,0.0
175,Romelu,Lukaku Bolingoli,Lukaku,6,4,6.3,0,0.00,0.00,0.00,0.00,0,0,0,0,0,0,0,0,0,0,0,0,0,0.0,0.0,0.0,0.0,0,0,0,0,0,0,0,63,648,650,335,0,0
176,Malang,Sarr,M.Sarr,6,2,4.5,0,0.00,0.00,0.00,0.00,0,0,0,0,0,0,0,0,0,0,0,0,0,0.0,0.0,0.0,0.0,0,0,0,0,0,0,0,382,506,519,649,0,0
177,Noni,Madueke,Madueke,6,3,6.6,25,1.24,0.15,1.39,3.72,235,3,0,1,3,0,0,0,0,0,0,3,85,118.8,33.7,137.0,29.0,3,0.47,0.0,0.06,0.53,1.42,1.15,41,5,4,34,1.15,0.38
178,Marc,Guiu Paz,Marc Guiu,6,4,5.0,1,0.00,0.00,0.00,0.11,24,0,0,0,1,0,0,0,0,0,0,0,2,0.0,0.3,0.0,0.0,0,0.0,0.0,0.0,0.0,0.41,3.75,252,626,344,218,0.0,0.0
179,Mykhailo,Mudryk,Mudryk,6,3,6.3,2,0.00,0.16,0.16,2.06,61,0,0,0,2,0,0,0,0,0,0,0,9,8.6,14.4,0.0,2.2,1,0.0,0.0,0.24,0.24,3.04,2.95,71,314,375,325,1.48,0.0
180,Nicolas,Jackson,N.Jackson,6,4,7.6,19,2.29,0.08,2.37,4.45,300,2,1,1,4,0,0,0,2,0,0,2,69,95.2,53.6,165.0,31.4,4,0.69,0.0,0.02,0.71,1.34,1.2,15,24,50,61,1.2,0.3
181,Christopher,Nkunku,Nkunku,6,3,6.2,10,0.45,0.10,0.55,1.19,79,1,0,0,1,0,0,0,0,0,0,1,43,48.4,36.5,36.0,12.0,1,0.51,0.0,0.11,0.62,1.36,1.14,72,102,142,82,1.14,0.0
182,Cole,Palmer,Palmer,6,3,10.6,28,0.85,1.07,1.92,4.79,352,1,4,1,5,0,0,0,2,0,0,4,123,145.8,157.1,45.0,34.8,4,0.22,0.0,0.27,0.49,1.22,1.28,3,4,10,3,1.02,0.26
183,Đorđe,Petrović,Petrović,6,1,4.4,0,0.00,0.00,0.00,0.00,0,0,0,0,0,0,0,0,0,0,0,0,0,0.0,0.0,0.0,0.0,0,0,0,0,0,0,0,554,488,503,291,0,0
184,Renato,Palma Veiga,Renato Veiga,6,3,4.5,4,0.04,0.01,0.05,1.98,107,0,0,1,1,0,0,0,1,0,0,0,19,18.4,5.5,15.0,3.9,1,0.03,0.0,0.01,0.04,1.67,0.84,488,240,249,332,0.84,0.84
185,Robert,Sánchez,Sánchez,6,1,4.5,20,0.00,0.00,0.00,4.91,360,0,0,1,5,0,1,0,1,0,14,3,71,121.0,0.0,0.0,12.0,4,0.0,3.5,0.0,0.0,1.23,1.25,389,16,31,70,1.0,0.25
187,Tosin,Adarabioyo,Tosin,6,2,4.4,1,0.00,0.00,0.00,0.22,28,0,0,0,0,0,0,0,0,0,0,0,13,11.0,10.8,0.0,2.2,0,0.0,0.0,0.0,0.0,0.71,0.0,518,329,286,391,0.0,0.0
189,Wesley,Fofana,W.Fofana,6,2,4.5,10,0.04,0.08,0.12,4.91,360,0,0,1,5,0,0,0,2,0,0,2,52,65.6,36.8,12.0,11.5,4,0.01,0.0,0.02,0.03,1.23,1.25,422,94,134,221,1.0,0.25
386,Jadon,Sancho,Sancho,6,3,6.3,3,0.00,0.14,0.14,0.48,45,0,1,0,0,0,0,0,1,0,0,0,15,22.4,24.6,6.0,5.3,0,0.0,0.0,0.28,0.28,0.96,0.0,69,269,117,220,0.0,0.0
560,Pedro,Lomba Neto,Neto,6,3,6.4,6,0.04,0.26,0.30,1.70,179,0,1,0,2,0,0,0,1,0,0,0,22,33.4,58.5,15.0,10.6,2,0.02,0.0,0.13,0.15,0.85,1.01,60,187,246,209,1.01,0.0
575,Caleb,Wiley,Wiley,6,2,4.0,0,0.00,0.00,0.00,0.00,0,0,0,0,0,0,0,0,0,0,0,0,0,0.0,0.0,0.0,0.0,0,0,0,0,0,0,0,634,431,450,560,0,0
581,Filip,Jørgensen,Jørgensen,6,1,4.4,0,0.00,0.00,0.00,0.00,0,0,0,0,0,0,0,0,0,0,0,0,0,0.0,0.0,0.0,0.0,0,0,0,0,0,0,0,560,491,506,337,0,0
621,João,Félix Sequeira,João Félix,6,3,6.5,7,0.22,0.04,0.26,0.65,83,1,0,0,0,0,0,0,1,0,0,0,28,41.4,6.5,37.0,8.4,0,0.24,0.0,0.04,0.28,0.7,0.0,50,134,148,202,0.0,0.0
11,Eddie,Nketiah,Nketiah,7,4,5.9,2,0.34,0.23,0.57,1.23,90,0,0,0,2,0,0,0,0,0,0,0,7,0.0,14.8,57.0,7.1,1,0.34,0.0,0.23,0.57,1.23,2.0,88,311,193,201,1.0,0.0
159,Trevoh,Chalobah,Chalobah,7,2,4.4,0,0.00,0.00,0.00,0.00,0,0,0,0,0,0,0,0,0,0,0,0,0,0.0,0.0,0.0,0.0,0,0,0,0,0,0,0,528,469,484,389,0,0
190,Naouirou,Ahamada,Ahamada,7,3,4.5,0,0.00,0.00,0.00,0.00,0,0,0,0,0,0,0,0,0,0,0,0,0,0.0,0.0,0.0,0.0,0,0,0,0,0,0,0,435,529,541,353,0,0
193,Cheick,Doucouré,C.Doucouré,7,3,4.9,6,0.04,0.01,0.05,1.31,91,0,1,0,1,0,0,0,0,0,0,0,20,17.6,5.9,6.0,2.9,1,0.04,0.0,0.01,0.05,1.3,0.99,311,172,177,411,0.99,0.0
194,Chris,Richards,C.Richards,7,2,4.5,3,0.12,0.01,0.13,4.99,253,0,0,0,5,0,0,0,1,0,0,0,12,35.6,3.3,6.0,4.5,3,0.04,0.0,0.0,0.04,1.78,1.78,415,236,300,384,1.07,0.0
195,Chadi,Riad Dnanou,Chadi Riad,7,2,4.4,1,0.00,0.02,0.02,1.39,90,0,0,0,2,0,0,0,0,0,0,0,3,18.2,1.3,0.0,2.0,1,0.0,0.0,0.02,0.02,1.39,2.0,562,334,294,472,1.0,0.0
196,Nathaniel,Clyne,Clyne,7,2,4.4,3,0.00,0.02,0.02,3.49,153,0,0,0,3,0,0,0,0,0,0,0,15,26.0,2.0,2.0,3.0,2,0.0,0.0,0.01,0.01,2.05,1.76,511,226,224,417,1.18,0.0
197,Malcolm,Ebiowei,Ebiowei,7,3,4.5,0,0.00,0.00,0.00,0.00,0,0,0,0,0,0,0,0,0,0,0,0,0,0.0,0.0,0.0,0.0,0,0,0,0,0,0,0,424,521,533,644,0,0
199,Eberechi,Eze,Eze,7,3,6.9,16,1.51,0.62,2.13,6.48,360,1,0,0,7,0,0,0,0,0,0,3,76,79.4,130.5,142.0,35.1,4,0.38,0.0,0.16,0.54,1.62,1.75,33,43,75,14,1.0,0.0
200,Marc,Guéhi,Guéhi,7,2,4.5,4,0.00,0.10,0.10,6.48,360,0,0,0,7,0,0,0,1,0,0,0,33,92.6,15.0,4.0,11.3,4,0.0,0.0,0.02,0.02,1.62,1.75,385,195,296,73,1.0,0.0
201,Dean,Henderson,Henderson,7,1,4.5,8,0.00,0.00,0.00,6.48,360,0,0,0,7,0,0,0,0,0,12,0,29,102.0,0.0,0.0,10.2,4,0.0,3.0,0.0,0.0,1.62,1.75,376,139,168,28,1.0,0.0
202,Rob,Holding,Holding,7,2,4.4,0,0.00,0.00,0.00,0.00,0,0,0,0,0,0,0,0,0,0,0,0,0,0.0,0.0,0.0,0.0,0,0,0,0,0,0,0,525,468,483,458,0,0
203,Will,Hughes,Hughes,7,3,4.9,3,0.00,0.08,0.08,3.79,177,0,0,0,4,0,0,0,1,0,0,0,16,22.4,18.4,6.0,4.7,2,0.0,0.0,0.04,0.04,1.93,2.03,278,348,322,540,1.02,0.0
205,Daichi,Kamada,Kamada,7,3,5.3,5,0.21,0.13,0.34,3.19,209,0,0,0,4,0,0,0,1,0,0,0,23,26.8,66.8,33.0,12.7,2,0.09,0.0,0.06,0.15,1.37,1.72,177,213,269,336,0.86,0.0
206,Jefferson,Lerma Solís,Lerma,7,3,4.9,3,0.02,0.33,0.35,1.78,78,0,0,1,1,0,0,0,1,0,0,0,12,9.6,15.7,2.0,2.8,1,0.02,0.0,0.38,0.4,2.05,1.15,285,290,236,505,1.15,1.15
207,Jean-Philippe,Mateta,Mateta,7,4,7.4,18,1.68,0.25,1.93,4.99,293,2,0,0,6,0,0,0,0,0,0,3,64,67.2,34.3,73.0,17.3,4,0.52,0.0,0.08,0.6,1.53,1.84,19,23,58,83,1.23,0.0
208,Matheus,França de Oliveira,M.França,7,3,4.4,0,0.00,0.00,0.00,0.00,0,0,0,0,0,0,0,0,0,0,0,0,0,0.0,0.0,0.0,0.0,0,0,0,0,0,0,0,563,492,507,211,0,0
209,Remi,Matthews,Matthews,7,1,4.0,0,0.00,0.00,0.00,0.00,0,0,0,0,0,0,0,0,0,0,0,0,0,0.0,0.0,0.0,0.0,0,0,0,0,0,0,0,591,398,418,205,0,0
210,Tyrick,Mitchell,Mitchell,7,2,4.9,8,0.24,0.77,1.01,6.48,358,0,1,0,7,0,0,0,0,0,0,0,48,86.8,115.3,36.0,23.8,4,0.06,0.0,0.19,0.25,1.63,1.76,306,127,176,152,1.01,0.0
211,Daniel,Muñoz,Muñoz,7,2,5.0,7,0.15,0.32,0.47,6.47,350,0,1,0,7,0,0,0,1,0,0,0,26,59.4,59.1,30.0,14.9,4,0.04,0.0,0.08,0.12,1.66,1.8,232,255,207,103,1.03,0.0
212,David,Ozoh,Ozoh,7,3,4.5,0,0.00,0.00,0.00,0.00,0,0,0,0,0,0,0,0,0,0,0,0,0,0.0,0.0,0.0,0.0,0,0,0,0,0,0,0,478,558,567,653,0,0
213,Jesurun,Rak-Sakyi,Rak-Sakyi,7,3,4.5,0,0.00,0.00,0.00,0.00,0,0,0,0,0,0,0,0,0,0,0,0,0,0.0,0.0,0.0,0.0,0,0,0,0,0,0,0,426,523,535,465,0,0
214,Jeffrey,Schlupp,Schlupp,7,3,4.9,3,0.00,0.00,0.00,0.55,12,0,0,0,0,0,0,0,0,0,0,0,9,2.0,1.1,0.0,0.3,0,0.0,0.0,0.0,0.0,4.12,0.0,275,243,320,466,0.0,0.0
215,Joel,Ward,Ward,7,2,4.4,0,0.00,0.00,0.00,0.00,0,0,0,0,0,0,0,0,0,0,0,0,0,0.0,0.0,0.0,0.0,0,0,0,0,0,0,0,510,460,477,423,0,0
216,Adam,Wharton,Wharton,7,3,4.9,8,0.13,0.34,0.47,5.53,343,0,0,0,6,0,0,0,0,0,0,0,70,65.2,81.0,32.0,17.8,4,0.03,0.0,0.09,0.12,1.45,1.57,326,145,180,280,1.05,0.0
445,Matt,Turner,Turner,7,1,4.0,0,0.00,0.00,0.00,0.00,0,0,0,0,0,0,0,0,0,0,0,0,0,0.0,0.0,0.0,0.0,0,0,0,0,0,0,0,610,411,430,20,0,0
585,Ismaïla,Sarr,I.Sarr,7,3,5.9,7,0.18,0.62,0.80,0.78,55,0,1,0,1,0,0,0,0,0,0,0,26,8.8,48.1,24.0,8.1,0,0.29,0.0,1.01,1.3,1.28,1.64,89,159,216,360,0.0,0.0
644,Franco,Umeh-Chibueze,Umeh-Chibueze,7,3,4.5,0,0.00,0.00,0.00,0.00,0,0,0,0,0,0,0,0,0,0,0,0,0,0.0,0.0,0.0,0.0,0,0,0,0,0,0,0,495,571,580,581,0,0
645,Justin,Devenny,Devenny,7,3,4.5,0,0.00,0.00,0.00,0.00,0,0,0,0,0,0,0,0,0,0,0,0,0,0.0,0.0,0.0,0.0,0,0,0,0,0,0,0,445,533,545,630,0,0
646,Asher,Agbinone,Agbinone,7,3,4.5,0,0.00,0.00,0.00,0.00,0,0,0,0,0,0,0,0,0,0,0,0,0,0.0,0.0,0.0,0.0,0,0,0,0,0,0,0,500,575,584,564,0,0
647,Kaden,Rodney,Rodney,7,3,4.5,0,0.00,0.00,0.00,0.00,0,0,0,0,0,0,0,0,0,0,0,0,0,0.0,0.0,0.0,0.0,0,0,0,0,0,0,0,476,556,565,589,0,0
650,Maxence,Lacroix,Lacroix,7,2,4.5,1,0.00,0.04,0.04,1.23,90,0,0,0,2,0,0,0,0,0,0,0,5,16.0,11.8,2.0,3.0,1,0.0,0.0,0.04,0.04,1.23,2.0,418,237,301,556,1.0,0.0
156,Armando,Broja,Broja,8,4,5.5,0,0.00,0.00,0.00,0.00,0,0,0,0,0,0,0,0,0,0,0,0,0,0.0,0.0,0.0,0.0,0,0,0,0,0,0,0,120,643,645,470,0,0
217,Abdoulaye,Doucouré,A.Doucoure,8,3,5.3,4,0.21,0.02,0.23,4.33,125,0,0,0,7,0,0,0,0,0,0,0,9,5.2,6.5,14.0,2.6,2,0.15,0.0,0.01,0.16,3.12,5.04,172,298,253,318,1.44,0.0
218,Norberto Bercique,Gomes Betuncal,Beto,8,4,5.0,4,0.00,0.00,0.00,1.85,43,0,0,0,4,0,0,0,0,0,0,0,6,1.2,0.3,0.0,0.2,0,0.0,0.0,0.0,0.0,3.87,8.37,246,256,342,216,0.0,0.0
219,Jarrad,Branthwaite,Branthwaite,8,2,4.9,0,0.00,0.00,0.00,0.00,0,0,0,0,0,0,0,0,0,0,0,0,0,0.0,0.0,0.0,0.0,0,0,0,0,0,0,0,320,603,610,210,0,0
220,Dominic,Calvert-Lewin,Calvert-Lewin,8,4,5.9,22,1.12,0.41,1.53,6.66,323,2,1,0,9,0,0,0,0,0,0,3,67,85.8,19.1,97.0,20.2,4,0.31,0.0,0.11,0.42,1.86,2.51,87,11,23,100,1.11,0.0
221,Séamus,Coleman,Coleman,8,2,4.4,1,0.62,0.01,0.63,2.22,90,0,0,0,3,0,0,0,0,0,0,0,-1,16.6,1.1,21.0,3.9,1,0.62,0.0,0.01,0.63,2.22,3.0,512,327,285,548,1.0,0.0
222,Idrissa,Gueye,Gana,8,3,4.9,8,0.20,0.08,0.28,7.48,333,0,0,0,12,0,0,0,0,0,0,0,34,39.8,10.3,26.0,7.6,4,0.05,0.0,0.02,0.07,2.02,3.24,273,142,174,492,1.08,0.0
223,James,Garner,Garner,8,3,5.0,2,0.00,0.05,0.05,1.75,64,0,0,0,3,0,0,0,0,0,0,0,13,18.8,15.4,0.0,3.4,0,0.0,0.0,0.07,0.07,2.46,4.22,228,295,184,595,0.0,0.0
224,Jack,Harrison,Harrison,8,3,5.4,7,0.79,0.47,1.26,6.64,293,0,0,0,9,0,0,0,0,0,0,0,45,41.4,78.2,60.0,17.7,4,0.24,0.0,0.14,0.38,2.04,2.76,152,178,212,409,1.23,0.0
225,Mason,Holgate,Holgate,8,2,4.0,1,0.00,0.00,0.00,0.07,5,0,0,0,1,0,0,0,0,0,0,0,-1,0.0,0.0,0.0,0.0,0,0.0,0.0,0.0,0.0,1.26,18.0,596,401,276,283,0.0,0.0
226,Tim,Iroegbunam,Iroegbunam,8,3,4.5,6,0.21,0.08,0.29,7.89,350,0,0,0,13,0,0,0,2,0,0,0,24,39.4,26.6,29.0,9.5,4,0.05,0.0,0.02,0.07,2.03,3.34,446,200,231,173,1.03,0.0
227,João,Neves Virgínia,J.Virginia,8,1,4.0,0,0.00,0.00,0.00,0.00,0,0,0,0,0,0,0,0,0,0,0,0,0,0.0,0.0,0.0,0.0,0,0,0,0,0,0,0,609,410,429,244,0,0
228,Michael,Keane,Keane,8,2,4.0,8,0.26,0.02,0.28,8.20,360,1,0,0,13,0,0,0,1,0,0,0,8,95.2,11.5,42.0,14.9,4,0.06,0.0,0.0,0.06,2.05,3.25,582,121,163,74,1.0,0.0
229,Neal,Maupay,Maupay,8,4,4.9,0,0.00,0.00,0.00,0.00,0,0,0,0,0,0,0,0,0,0,0,0,0,0.0,0.0,0.0,0.0,0,0,0,0,0,0,0,281,588,596,226,0,0
230,Dwight,McNeil,McNeil,8,3,5.4,22,0.11,2.42,2.52,8.20,360,1,2,0,13,0,0,0,0,0,0,3,113,126.0,264.0,32.0,42.3,4,0.03,0.0,0.6,0.63,2.05,3.25,156,10,21,150,1.0,0.0
231,Vitalii,Mykolenko,Mykolenko,8,2,4.4,3,0.00,0.06,0.06,6.45,295,0,0,0,10,0,0,0,0,0,0,0,-1,44.4,17.8,4.0,6.6,4,0.0,0.0,0.02,0.02,1.97,3.05,542,278,382,80,1.22,0.0
232,Iliman,Ndiaye,Ndiaye,8,4,5.4,5,0.30,0.07,0.37,3.56,222,0,0,1,6,0,0,0,1,0,0,0,17,38.6,5.9,59.0,10.3,2,0.12,0.0,0.03,0.15,1.44,2.43,158,215,270,327,0.81,0.41
234,Nathan,Patterson,Patterson,8,2,4.4,0,0.00,0.00,0.00,0.00,0,0,0,0,0,0,0,0,0,0,0,0,0,0.0,0.0,0.0,0.0,0,0,0,0,0,0,0,550,484,499,605,0,0
235,Jordan,Pickford,Pickford,8,1,4.9,6,0.00,0.03,0.03,8.20,360,0,0,0,13,0,0,0,0,0,13,0,9,106.4,0.1,0.0,10.6,4,0.0,3.25,0.01,0.01,2.05,3.25,279,169,235,46,1.0,0.0
236,James,Tarkowski,Tarkowski,8,2,4.9,2,0.37,0.23,0.60,8.20,360,0,0,0,13,0,0,0,1,0,0,0,-14,70.6,32.5,38.0,14.2,4,0.09,0.0,0.06,0.15,2.05,3.25,269,287,395,184,1.0,0.0
237,Youssef,Ramalho Chermiti,Y. Chermiti,8,4,5.0,0,0.00,0.00,0.00,0.00,0,0,0,0,0,0,0,0,0,0,0,0,0,0.0,0.0,0.0,0.0,0,0,0,0,0,0,0,250,625,628,614,0,0
238,Ashley,Young,Young,8,2,4.5,-2,0.00,0.18,0.18,3.35,155,0,0,0,6,0,0,0,1,1,0,0,-14,24.4,15.8,0.0,4.0,2,0.0,0.0,0.1,0.1,1.95,3.48,346,494,659,403,1.16,0.0
577,Jesper,Lindstrøm,Lindstrøm,8,3,5.3,2,0.04,0.01,0.05,1.08,42,0,0,0,2,0,0,0,0,0,0,0,5,9.6,5.3,17.0,3.2,0,0.09,0.0,0.02,0.11,2.31,4.29,179,299,351,469,0.0,0.0
582,Jake,O'Brien,O'Brien,8,2,4.8,0,0.00,0.00,0.00,0.72,26,0,0,0,1,0,0,0,1,0,0,0,-2,4.0,0.4,0.0,0.4,0,0.0,0.0,0.0,0.0,2.49,3.46,339,584,593,364,0.0,0.0
603,Harrison,Armstrong,Armstrong,8,3,4.5,1,0.00,0.00,0.00,0.00,1,0,0,0,0,0,0,0,0,0,0,0,4,0.0,0.1,2.0,0.2,0,0.0,0.0,0.0,0.0,0.0,0.0,505,344,313,339,0.0,0.0
614,Jenson,Metcalfe,Metcalfe,8,3,4.5,0,0.00,0.00,0.00,0.00,0,0,0,0,0,0,0,0,0,0,0,0,0,0.0,0.0,0.0,0.0,0,0,0,0,0,0,0,453,538,550,627,0,0
624,Asmir,Begovic,Begovic,8,1,4.0,0,0.00,0.00,0.00,0.00,0,0,0,0,0,0,0,0,0,0,0,0,0,0.0,0.0,0.0,0.0,0,0,0,0,0,0,0,574,385,406,388,0,0
627,Roman,Dixon,Dixon,8,2,4.0,0,0.00,0.00,0.00,2.43,90,0,0,0,4,0,0,0,0,0,0,0,0,15.4,0.3,0.0,1.6,1,0.0,0.0,0.0,0.0,2.43,4.0,636,433,452,513,1.0,0.0
651,Orel,Mangala,Mangala,8,3,5.0,1,0.09,0.00,0.09,0.72,26,0,0,0,1,0,0,0,0,0,0,0,3,1.6,0.3,6.0,0.8,0,0.31,0.0,0.0,0.31,2.49,3.46,201,252,338,645,0.0,0.0
10,Reiss,Nelson,Nelson,9,3,5.0,1,0.08,0.01,0.09,0.35,26,0,0,0,1,0,0,0,1,0,0,0,5,9.6,1.7,28.0,3.9,0,0.28,0.0,0.03,0.31,1.21,3.46,205,359,399,487,0.0,0.0
19,Emile,Smith Rowe,Smith Rowe,9,3,5.7,22,0.92,0.70,1.62,2.62,274,1,1,2,2,0,0,0,0,0,0,4,80,72.8,54.7,56.0,18.4,4,0.3,0.0,0.23,0.53,0.86,0.66,102,14,22,11,1.31,0.66
191,Joachim,Andersen,Andersen,9,2,4.4,2,0.05,0.03,0.08,2.35,180,0,0,0,3,0,0,0,1,0,0,0,18,42.2,3.7,11.0,5.7,2,0.02,0.0,0.02,0.04,1.18,1.5,527,277,289,39,1.0,0.0
239,Adama,Traoré,Adama,9,3,5.0,19,1.02,0.79,1.81,3.12,325,1,1,1,3,0,0,0,1,0,0,3,76,86.8,94.9,103.0,28.5,4,0.28,0.0,0.22,0.5,0.86,0.83,198,25,43,95,1.11,0.28
240,Andreas,Hoelgebaum Pereira,Andreas,9,3,5.4,8,0.27,1.04,1.31,3.04,346,0,0,1,3,0,0,0,1,0,0,0,54,35.0,227.4,22.0,28.5,4,0.07,0.0,0.27,0.34,0.79,0.78,144,130,190,118,1.04,0.26
241,Calvin,Bassey,Bassey,9,2,4.5,7,0.18,0.03,0.21,4.25,360,0,0,0,4,0,0,0,1,0,0,0,36,53.6,3.8,14.0,7.1,4,0.04,0.0,0.01,0.05,1.06,1.0,404,140,198,268,1.0,0.0
242,Steven,Benda,Benda,9,1,4.0,0,0.00,0.00,0.00,0.00,0,0,0,0,0,0,0,0,0,0,0,0,0,0.0,0.0,0.0,0.0,0,0,0,0,0,0,0,617,417,436,253,0,0
243,Tom,Cairney,Cairney,9,3,4.9,2,0.00,0.18,0.18,1.63,67,0,0,0,2,0,0,0,2,0,0,0,15,12.0,28.0,4.0,4.6,0,0.0,0.0,0.24,0.24,2.19,2.69,272,288,396,545,0.0,0.0
244,Timothy,Castagne,Castagne,9,2,4.3,0,0.00,0.00,0.00,0.00,0,0,0,0,0,0,0,0,0,0,0,0,0,0.0,0.0,0.0,0.0,0,0,0,0,0,0,0,566,456,474,176,0,0
245,Issa,Diop,Diop,9,2,4.5,6,0.17,0.02,0.19,3.49,270,0,0,0,3,0,0,0,0,0,0,0,23,46.6,12.3,13.0,7.2,3,0.06,0.0,0.01,0.07,1.16,1.0,392,197,169,314,1.0,0.0
246,Luke,Harris,Harris,9,3,4.5,0,0.00,0.00,0.00,0.00,0,0,0,0,0,0,0,0,0,0,0,0,0,0.0,0.0,0.0,0.0,0,0,0,0,0,0,0,471,552,561,629,0,0
247,Alex,Iwobi,Iwobi,9,3,5.5,15,0.32,0.73,1.05,3.82,331,1,0,1,3,0,0,0,0,0,0,1,62,75.4,79.1,73.0,22.7,4,0.09,0.0,0.2,0.29,1.04,0.82,109,51,84,187,1.09,0.27
248,Bernd,Leno,Leno,9,1,5.0,11,0.00,0.00,0.00,4.25,360,0,0,0,4,0,0,0,0,0,12,0,52,101.0,0.0,0.0,10.1,4,0.0,3.0,0.0,0.0,1.06,1.0,188,114,123,112,1.0,0.0
249,Saša,Lukić,Lukić,9,3,5.0,7,0.00,0.06,0.06,3.16,331,0,0,1,3,0,0,0,2,0,0,0,47,41.2,22.1,2.0,6.5,4,0.0,0.0,0.02,0.02,0.86,0.82,214,175,206,503,1.09,0.27
250,Kevin,Mbabu,Mbabu,9,2,4.0,0,0.00,0.00,0.00,0.00,0,0,0,0,0,0,0,0,0,0,0,0,0,0.0,0.0,0.0,0.0,0,0,0,0,0,0,0,584,391,411,302,0,0
251,Rodrigo,Muniz Carvalho,Muniz,9,4,6.0,7,1.03,0.02,1.05,2.72,251,0,0,1,3,0,0,0,0,0,0,0,26,19.8,41.8,123.0,18.4,3,0.37,0.0,0.01,0.38,0.98,1.08,83,185,217,63,1.08,0.36
252,Raúl,Jiménez,Raúl,9,4,5.4,12,0.30,0.04,0.34,1.53,105,1,0,1,1,0,0,0,0,0,0,3,40,48.0,23.0,73.0,14.6,1,0.26,0.0,0.03,0.29,1.31,0.86,139,71,108,223,0.86,0.86
253,Tim,Ream,Ream,9,2,4.5,0,0.00,0.00,0.00,0.00,0,0,0,0,0,0,0,0,0,0,0,0,0,0.0,0.0,0.0,0.0,0,0,0,0,0,0,0,354,497,511,623,0,0
254,Harrison,Reed,Reed,9,3,4.9,4,0.00,0.09,0.09,1.22,12,0,0,0,1,0,0,0,0,0,0,0,18,6.2,15.6,2.0,2.3,0,0.0,0.0,0.68,0.68,9.15,7.5,286,244,323,534,0.0,0.0
255,Antonee,Robinson,Robinson,9,2,4.7,15,0.00,0.36,0.36,4.25,360,0,2,0,4,0,0,0,1,0,0,2,77,136.2,72.3,6.0,21.5,4,0.0,0.0,0.09,0.09,1.06,1.0,341,47,79,17,1.0,0.0
256,Jay,Stansfield,Stansfield,9,4,5.0,1,0.00,0.00,0.00,0.67,1,0,0,0,0,0,0,0,0,0,0,0,2,0.0,0.0,0.0,0.0,0,0.0,0.0,0.0,0.0,60.3,0.0,249,624,343,489,0.0,0.0
257,Kenny,Tete,Tete,9,2,4.5,8,0.41,0.05,0.46,4.25,360,0,0,0,4,0,0,0,0,0,0,0,25,49.8,24.2,41.0,11.5,4,0.1,0.0,0.01,0.11,1.06,1.0,375,138,167,271,1.0,0.0
258,Carlos Vinícius,Alves Morais,Vinicius,9,4,5.0,0,0.00,0.00,0.00,0.00,0,0,0,0,0,0,0,0,0,0,0,0,0,0.0,0.0,0.0,0.0,0,0,0,0,0,0,0,231,614,620,255,0,0
259,Harry,Wilson,Wilson,9,3,5.4,2,0.00,0.02,0.02,1.23,36,0,0,0,1,0,0,0,1,0,0,0,7,0.2,5.2,12.0,1.6,0,0.0,0.0,0.05,0.05,3.08,2.5,142,367,389,412,0.0,0.0
579,Ryan,Sessegnon,Sessegnon,9,2,4.4,0,0.00,0.00,0.00,0.00,0,0,0,0,0,0,0,0,0,0,0,0,0,0.0,0.0,0.0,0.0,0,0,0,0,0,0,0,529,470,485,400,0,0
586,Jorge,Cuenca Barreno,J.Cuenca,9,2,4.4,0,0.00,0.00,0.00,0.00,0,0,0,0,0,0,0,0,0,0,0,0,0,0.0,0.0,0.0,0.0,0,0,0,0,0,0,0,551,485,500,509,0,0
604,Josh,King,King,9,3,4.5,0,0.00,0.00,0.00,0.00,0,0,0,0,0,0,0,0,0,0,0,0,0,0.0,0.0,0.0,0.0,0,0,0,0,0,0,0,499,574,583,440,0,0
605,Martial,Godo,Godo,9,3,4.5,0,0.00,0.00,0.00,0.00,0,0,0,0,0,0,0,0,0,0,0,0,0,0.0,0.0,0.0,0.0,0,0,0,0,0,0,0,494,570,579,546,0,0
622,Sander,Berge,Berge,9,3,5.0,2,0.00,0.01,0.01,0.42,42,0,0,0,1,0,0,0,0,0,0,0,10,12.6,32.0,0.0,4.4,0,0.0,0.0,0.02,0.02,0.9,2.14,212,294,340,596,0.0,0.0
260,Ali,Al-Hamadi,Al-Hamadi,10,4,5.0,1,0.00,0.02,0.02,0.66,32,0,0,0,1,0,0,0,2,0,0,0,0,4.0,11.5,4.0,2.0,0,0.0,0.0,0.06,0.06,1.86,2.81,242,619,402,282,0.0,0.0
261,Elkan,Baggott,Baggott,10,2,4.0,0,0.00,0.00,0.00,0.00,0,0,0,0,0,0,0,0,0,0,0,0,0,0.0,0.0,0.0,0.0,0,0,0,0,0,0,0,648,443,462,580,0,0
262,Nathan,Broadhead,Broadhead,10,3,4.9,0,0.00,0.00,0.00,0.00,0,0,0,0,0,0,0,0,0,0,0,0,0,0.0,0.0,0.0,0.0,0,0,0,0,0,0,0,292,592,600,626,0,0
263,Cameron,Burgess,Burgess,10,2,4.0,0,0.00,0.00,0.00,0.00,0,0,0,0,0,0,0,0,0,0,0,0,0,0.0,0.0,0.0,0.0,0,0,0,0,0,0,0,586,393,413,307,0,0
264,Wes,Burns,Burns,10,3,4.9,1,0.00,0.01,0.01,1.68,114,0,0,0,0,0,0,0,1,0,0,0,2,1.6,5.8,2.0,0.6,2,0.0,0.0,0.01,0.01,1.33,0.0,284,349,397,539,1.58,0.0
265,Conor,Chaplin,Chaplin,10,3,5.3,5,0.00,0.02,0.02,1.70,72,0,0,0,1,0,0,0,0,0,0,0,24,6.4,3.0,2.0,1.2,1,0.0,0.0,0.02,0.02,2.12,1.25,175,259,268,399,1.25,0.0
266,Harry,Clarke,H.Clarke,10,2,4.0,0,0.00,0.00,0.00,0.00,0,0,0,0,0,0,0,0,0,0,0,0,0,0.0,0.0,0.0,0.0,0,0,0,0,0,0,0,611,412,431,583,0,0
267,Leif,Davis,Davis,10,2,4.5,14,0.07,0.48,0.55,8.60,360,0,1,1,7,0,0,0,0,0,0,2,44,71.8,64.9,13.0,15.0,4,0.02,0.0,0.12,0.14,2.15,1.75,428,45,90,141,1.0,0.25
268,Liam,Delap,Delap,10,4,5.5,12,0.42,0.01,0.43,7.49,293,1,0,0,6,0,0,0,0,0,0,1,31,46.2,37.9,54.0,13.7,4,0.13,0.0,0.0,0.13,2.3,1.84,125,86,112,188,1.23,0.0
269,George,Edmundson,Edmundson,10,2,4.0,1,0.00,0.00,0.00,0.00,1,0,0,0,0,0,0,0,0,0,0,0,3,0.0,0.0,0.0,0.0,0,0.0,0.0,0.0,0.0,0.0,0.0,604,323,277,419,0.0,0.0
270,Jacob,Greaves,Greaves,10,2,4.0,9,0.12,0.00,0.12,8.60,360,0,0,1,7,0,0,0,0,0,0,0,44,91.2,1.5,39.0,13.2,4,0.03,0.0,0.0,0.03,2.15,1.75,624,110,151,130,1.0,0.25
271,Marcus,Myers-Harness,Harness,10,3,4.9,2,0.00,0.05,0.05,1.36,43,0,0,0,2,0,0,0,0,0,0,0,4,9.4,1.9,6.0,1.7,0,0.0,0.0,0.1,0.1,2.85,4.19,289,351,325,602,0.0,0.0
272,George,Hirst,Hirst,10,4,5.4,1,0.00,0.00,0.00,0.44,31,0,0,0,0,0,0,0,0,0,0,0,3,1.2,10.3,2.0,1.4,0,0.0,0.0,0.0,0.0,1.28,0.0,153,370,357,599,0.0,0.0
273,Cameron,Humphreys,Humphreys,10,3,4.5,0,0.00,0.00,0.00,0.00,0,0,0,0,0,0,0,0,0,0,0,0,0,0.0,0.0,0.0,0.0,0,0,0,0,0,0,0,475,555,564,573,0,0
274,Omari,Giraud-Hutchinson,Hutchinson,10,3,5.4,7,0.36,0.04,0.40,8.35,352,0,0,1,7,0,0,0,2,0,0,0,34,20.8,11.7,46.0,7.9,4,0.09,0.0,0.01,0.1,2.13,1.79,162,156,213,267,1.02,0.26
275,Ben,Johnson,Johnson,10,2,4.0,3,0.00,0.20,0.20,5.53,123,0,1,0,6,0,0,0,0,0,0,0,-3,42.4,17.8,0.0,6.0,1,0.0,0.0,0.15,0.15,4.05,4.39,608,224,223,90,0.73,0.0
276,Freddie,Ladapo,Ladapo,10,4,4.5,0,0.00,0.00,0.00,0.00,0,0,0,0,0,0,0,0,0,0,0,0,0,0.0,0.0,0.0,0.0,0,0,0,0,0,0,0,358,498,512,175,0,0
277,Massimo,Luongo,Luongo,10,3,4.5,5,0.00,0.00,0.00,4.90,141,0,0,0,4,0,0,0,0,0,0,0,19,23.8,4.0,0.0,2.8,2,0.0,0.0,0.0,0.0,3.13,2.55,360,229,218,230,1.28,0.0
278,Sam,Morsy,Morsy,10,3,4.9,6,0.00,0.34,0.34,8.35,353,0,0,1,7,0,0,0,3,0,0,0,44,67.4,40.1,2.0,11.0,4,0.0,0.0,0.09,0.09,2.13,1.78,271,203,234,394,1.02,0.25
279,Corrie,Ndaba,Ndaba,10,2,4.0,0,0.00,0.00,0.00,0.00,0,0,0,0,0,0,0,0,0,0,0,0,0,0.0,0.0,0.0,0.0,0,0,0,0,0,0,0,615,415,434,634,0,0
280,Cieran,Slicker,Slicker,10,1,4.0,0,0.00,0.00,0.00,0.00,0,0,0,0,0,0,0,0,0,0,0,0,0,0.0,0.0,0.0,0.0,0,0,0,0,0,0,0,618,418,437,208,0,0
281,Jack,Taylor,Taylor,10,3,4.9,2,0.02,0.01,0.03,1.36,43,0,0,0,2,0,0,0,0,0,0,0,8,10.2,0.9,2.0,1.3,0,0.04,0.0,0.02,0.06,2.85,4.19,305,354,329,561,0.0,0.0
282,Axel,Tuanzebe,Tuanzebe,10,2,4.0,9,0.07,0.02,0.09,8.02,341,0,0,1,7,0,0,0,0,0,0,0,41,81.8,29.4,4.0,11.5,4,0.02,0.0,0.01,0.03,2.12,1.85,594,109,150,126,1.06,0.26
283,Christian,Walton,Walton,10,1,4.5,2,0.00,0.00,0.00,2.65,90,0,0,0,2,0,0,0,0,0,3,0,9,28.2,0.0,0.0,2.8,1,0.0,3.0,0.0,0.0,2.65,2.0,361,500,165,351,1.0,0.0
284,Luke,Woolfenden,Woolfenden,10,2,4.0,2,0.03,0.00,0.03,6.94,270,0,0,0,7,0,0,0,1,0,0,0,16,58.2,1.3,6.0,6.6,3,0.01,0.0,0.0,0.01,2.31,2.33,607,273,386,149,1.0,0.0
359,Kalvin,Phillips,Phillips,10,3,5.0,4,0.00,0.04,0.04,2.53,159,0,0,1,1,0,0,0,1,0,0,0,16,20.4,19.6,0.0,4.0,2,0.0,0.0,0.02,0.02,1.43,0.57,196,207,182,464,1.13,0.57
568,Arijanet,Muric,Muric,10,1,4.4,14,0.00,0.00,0.00,5.95,270,0,0,1,5,0,0,0,0,0,10,3,37,76.2,0.0,0.0,7.7,3,0.0,3.33,0.0,0.0,1.98,1.67,547,35,51,236,1.0,0.33
583,Conor,Townsend,Townsend,10,2,4.0,0,0.00,0.00,0.00,0.00,0,0,0,0,0,0,0,0,0,0,0,0,0,0.0,0.0,0.0,0.0,0,0,0,0,0,0,0,583,390,410,266,0,0
611,Sam,Szmodics,Szmodics,10,3,6.0,10,0.29,0.03,0.32,5.90,225,1,0,0,4,0,0,0,1,0,0,0,31,40.6,13.0,11.0,6.5,3,0.12,0.0,0.01,0.13,2.36,1.6,78,101,141,264,1.2,0.0
619,Jens,Cajuste,Cajuste,10,3,4.5,1,0.00,0.00,0.00,0.07,20,0,0,0,0,0,0,0,0,0,0,0,6,5.4,11.7,0.0,1.7,0,0.0,0.0,0.0,0.0,0.32,0.0,427,338,303,526,0.0,0.0
630,Dara,O'Shea,O'Shea,10,2,4.0,7,0.06,0.00,0.06,1.66,90,0,0,1,0,0,0,0,0,0,0,1,30,41.6,0.0,9.0,5.1,1,0.06,0.0,0.0,0.06,1.66,0.0,605,76,8,288,1.0,1.0
631,Jack,Clarke,J.Clarke,10,3,5.5,2,0.11,0.01,0.12,0.48,40,0,0,0,0,0,0,0,0,0,0,0,4,1.6,0.9,7.0,0.7,0,0.25,0.0,0.02,0.27,1.08,0.0,122,264,361,579,0.0,0.0
632,Chiedozie,Ogbene,Ogbene,10,3,5.0,3,0.00,0.02,0.02,1.39,118,0,0,0,1,0,0,0,0,0,0,0,12,14.0,17.0,10.0,4.1,1,0.0,0.0,0.02,0.02,1.06,0.76,225,188,238,604,0.76,0.0
117,Facundo,Buonanotte,Buonanotte,11,3,5.0,13,0.17,0.38,0.55,2.81,170,1,1,0,3,0,0,0,0,0,0,0,51,69.8,65.3,20.0,15.5,2,0.09,0.0,0.2,0.29,1.49,1.59,262,69,61,300,1.06,0.0
192,Jordan,Ayew,J.Ayew,11,3,5.4,4,0.69,0.10,0.79,4.19,195,0,0,0,5,0,0,0,2,0,0,0,19,19.0,51.6,34.0,10.5,2,0.32,0.0,0.05,0.37,1.93,2.31,134,214,352,331,0.92,0.0
198,Odsonne,Edouard,Edouard,11,4,5.4,3,0.39,0.03,0.42,2.12,115,0,0,0,2,0,0,0,0,0,0,0,3,0.8,13.0,32.0,4.5,1,0.31,0.0,0.02,0.33,1.66,1.57,148,303,243,270,0.78,0.0
285,Boubakary,Soumaré,B.Soumaré,11,3,4.5,1,0.00,0.00,0.00,0.25,11,0,0,0,0,0,0,0,0,0,0,0,3,0.2,0.3,0.0,0.1,0,0.0,0.0,0.0,0.0,2.05,0.0,396,510,297,369,0.0,0.0
286,Tom,Cannon,Cannon,11,4,4.5,0,0.00,0.00,0.00,0.00,0,0,0,0,0,0,0,0,0,0,0,0,0,0.0,0.0,0.0,0.0,0,0,0,0,0,0,0,430,524,536,196,0,0
287,Hamza,Choudhury,Choudhury,11,3,4.5,1,0.00,0.00,0.00,1.03,14,0,0,0,1,0,0,0,0,0,0,0,4,3.0,0.0,0.0,0.3,0,0.0,0.0,0.0,0.0,6.62,6.43,378,336,295,341,0.0,0.0
288,Conor,Coady,Coady,11,2,4.0,0,0.00,0.00,0.00,0.99,7,0,0,0,1,0,0,0,1,0,0,0,-6,2.0,0.0,0.0,0.2,0,0.0,0.0,0.0,0.0,12.73,12.86,579,388,408,323,0.0,0.0
289,Patson,Daka,Daka,11,4,4.9,0,0.00,0.00,0.00,0.00,0,0,0,0,0,0,0,0,0,0,0,0,0,0.0,0.0,0.0,0.0,0,0,0,0,0,0,0,307,597,605,405,0,0
290,Bobby,De Cordova-Reid,De Cordova-Reid,11,3,5.4,5,0.08,0.04,0.12,2.61,148,0,0,0,2,0,0,0,0,0,0,0,13,8.6,3.6,11.0,2.3,2,0.05,0.0,0.02,0.07,1.59,1.22,137,261,221,443,1.22,0.0
291,Wout,Faes,Faes,11,2,4.1,10,0.33,0.01,0.34,7.11,360,1,0,0,7,0,0,0,1,0,0,0,35,130.0,2.1,46.0,17.8,4,0.08,0.0,0.0,0.08,1.78,1.75,569,92,130,33,1.0,0.0
292,Michael,Golding,Golding,11,3,4.5,0,0.00,0.00,0.00,0.00,0,0,0,0,0,0,0,0,0,0,0,0,0,0.0,0.0,0.0,0.0,0,0,0,0,0,0,0,485,564,573,516,0,0
293,Mads,Hermansen,Hermansen,11,1,4.5,8,0.00,0.00,0.00,7.11,360,0,0,0,7,0,0,0,0,0,14,0,43,129.2,0.1,0.0,13.0,4,0.0,3.5,0.0,0.0,1.78,1.75,436,165,171,242,1.0,0.0
294,Daniel,Iversen,Iversen,11,1,4.0,0,0.00,0.00,0.00,0.00,0,0,0,0,0,0,0,0,0,0,0,0,0,0.0,0.0,0.0,0.0,0,0,0,0,0,0,0,601,406,425,222,0,0
295,James,Justin,Justin,11,2,4.5,5,0.19,0.02,0.21,7.11,360,0,0,0,7,0,0,0,0,0,0,0,32,56.6,12.1,12.0,8.0,4,0.05,0.0,0.0,0.05,1.78,1.75,394,233,262,319,1.0,0.0
296,Victor,Kristiansen,Kristiansen,11,2,4.5,4,0.00,0.21,0.21,7.11,354,0,0,0,7,0,0,0,1,0,0,0,32,76.4,71.5,0.0,14.8,4,0.0,0.0,0.05,0.05,1.81,1.78,441,283,304,414,1.02,0.0
297,Wanya,Marçal-Madivádua,Marcal,11,3,4.5,0,0.00,0.00,0.00,0.00,0,0,0,0,0,0,0,0,0,0,0,0,0,0.0,0.0,0.0,0.0,0,0,0,0,0,0,0,432,526,538,568,0,0
298,Stephy,Mavididi,Mavididi,11,3,5.3,10,0.41,0.60,1.01,1.75,124,1,0,0,1,0,0,0,0,0,0,0,31,45.2,20.8,30.0,9.6,1,0.3,0.0,0.44,0.74,1.27,0.73,174,99,138,305,0.73,0.0
299,Kasey,McAteer,McAteer,11,3,4.9,3,0.02,0.00,0.02,0.20,10,0,0,0,0,0,0,0,0,0,0,0,6,5.2,0.5,6.0,1.1,0,0.18,0.0,0.0,0.18,1.8,0.0,316,291,333,541,0.0,0.0
300,Wilfred,Ndidi,Ndidi,11,3,5.0,17,0.16,0.82,0.98,6.07,343,0,3,0,6,0,0,0,1,0,0,1,84,108.8,76.0,54.0,23.9,4,0.04,0.0,0.22,0.26,1.59,1.57,209,32,63,254,1.05,0.0
301,Caleb,Okoli,Okoli,11,2,4.0,1,0.06,0.01,0.07,4.09,180,0,0,0,4,0,0,0,1,0,0,0,13,48.2,1.9,20.0,7.0,2,0.03,0.0,0.0,0.03,2.04,2.0,631,324,391,347,1.0,0.0
302,Ricardo,Barbosa Pereira,Ricardo,11,2,4.4,0,0.00,0.00,0.00,0.00,0,0,0,0,0,0,0,0,0,0,0,0,0,0.0,0.0,0.0,0.0,0,0,0,0,0,0,0,521,464,480,404,0,0
303,Harry,Souttar,Souttar,11,2,4.0,0,0.00,0.00,0.00,0.00,0,0,0,0,0,0,0,0,0,0,0,0,0,0.0,0.0,0.0,0.0,0,0,0,0,0,0,0,597,402,421,606,0,0
304,Jakub,Stolarczyk,Stolarczyk,11,1,4.0,0,0.00,0.00,0.00,0.00,0,0,0,0,0,0,0,0,0,0,0,0,0,0.0,0.0,0.0,0.0,0,0,0,0,0,0,0,619,419,438,529,0,0
305,Luke,Thomas,Thomas,11,2,4.0,0,0.00,0.00,0.00,0.00,0,0,0,0,0,0,0,0,0,0,0,0,0,0.0,0.0,0.0,0.0,0,0,0,0,0,0,0,612,413,432,251,0,0
306,Jamie,Vardy,Vardy,11,4,5.7,19,1.44,0.07,1.51,6.82,328,2,0,0,7,0,0,0,1,0,0,4,71,79.0,26.5,83.0,18.7,4,0.4,0.0,0.02,0.42,1.87,1.92,101,73,46,45,1.1,0.0
307,Jannik,Vestergaard,Vestergaard,11,2,4.0,2,0.01,0.00,0.01,3.01,180,0,0,0,3,0,0,0,1,0,0,0,7,37.8,0.6,7.0,4.5,2,0.0,0.0,0.0,0.0,1.5,1.5,578,387,274,109,1.0,0.0
308,Danny,Ward,Ward,11,1,4.0,0,0.00,0.00,0.00,0.00,0,0,0,0,0,0,0,0,0,0,0,0,0,0.0,0.0,0.0,0.0,0,0,0,0,0,0,0,580,389,409,116,0,0
309,Harry,Winks,Winks,11,3,4.5,7,0.00,0.25,0.25,7.11,360,0,0,0,7,0,0,0,1,0,0,0,56,50.8,43.4,0.0,9.5,4,0.0,0.0,0.06,0.06,1.78,1.75,371,163,197,24,1.0,0.0
501,Oliver,Skipp,Skipp,11,3,4.9,4,0.05,0.20,0.25,4.05,176,0,0,0,4,0,0,0,1,0,0,0,28,21.0,30.9,9.0,6.0,2,0.03,0.0,0.1,0.13,2.07,2.05,299,205,250,522,1.02,0.0
570,Abdul,Fatawu,A.Fatawu,11,3,5.5,13,0.12,0.61,0.73,5.64,265,0,1,0,6,0,0,0,0,0,0,3,60,67.4,39.0,42.0,14.9,3,0.04,0.0,0.21,0.25,1.92,2.04,130,184,97,235,1.02,0.0
606,Will,Alves,Alves,11,3,4.5,0,0.00,0.00,0.00,0.00,0,0,0,0,0,0,0,0,0,0,0,0,0,0.0,0.0,0.0,0.0,0,0,0,0,0,0,0,479,559,568,435,0,0
616,Ben,Nelson,Nelson,11,2,4.0,0,0.00,0.00,0.00,0.00,0,0,0,0,0,0,0,0,0,0,0,0,0,0.0,0.0,0.0,0.0,0,0,0,0,0,0,0,639,436,455,562,0,0
635,Bilal,El Khannouss,El Khannouss,11,3,5.0,1,0.03,0.01,0.04,0.09,22,0,0,0,0,0,0,0,0,0,0,0,3,1.0,1.9,2.0,0.5,0,0.12,0.0,0.04,0.16,0.37,0.0,256,318,346,542,0.0,0.0
310,Alisson,Ramses Becker,A.Becker,12,1,5.5,23,0.00,0.00,0.00,2.61,360,0,0,3,1,0,0,0,0,0,9,2,91,80.0,0.0,0.0,7.9,4,0.0,2.25,0.0,0.0,0.65,0.25,107,27,18,27,1.0,0.75
311,Trent,Alexander-Arnold,Alexander-Arnold,12,2,7.0,21,0.18,1.87,2.05,2.04,312,0,0,3,1,0,0,0,1,0,0,2,78,61.2,157.1,19.0,23.7,4,0.05,0.0,0.54,0.59,0.59,0.29,25,56,28,7,1.15,0.87
312,Stefan,Bajčetić Maquieira,Bajcetic,12,3,4.5,0,0.00,0.00,0.00,0.00,0,0,0,0,0,0,0,0,0,0,0,0,0,0.0,0.0,0.0,0.0,0,0,0,0,0,0,0,481,561,570,462,0,0
313,Conor,Bradley,Bradley,12,2,4.8,4,0.24,0.15,0.39,0.87,75,0,0,0,1,0,0,0,0,0,0,0,11,17.8,6.5,52.0,7.6,0,0.29,0.0,0.18,0.47,1.04,1.2,338,242,318,272,0.0,0.0
315,Bobby,Clark,Clark,12,3,4.5,0,0.00,0.00,0.00,0.00,0,0,0,0,0,0,0,0,0,0,0,0,0,0.0,0.0,0.0,0.0,0,0,0,0,0,0,0,455,540,552,576,0,0
316,Darwin,Núñez Ribeiro,Darwin,12,4,7.2,3,0.15,0.00,0.15,0.83,62,0,0,0,1,0,0,0,0,0,0,0,10,8.0,15.5,3.0,2.7,0,0.22,0.0,0.0,0.22,1.2,1.45,23,272,380,119,0.0,0.0
317,Diogo,Teixeira da Silva,Diogo J.,12,3,7.6,18,1.91,0.11,2.02,1.74,283,1,1,3,0,0,0,0,0,0,0,0,41,55.2,32.7,122.0,20.9,4,0.61,0.0,0.03,0.64,0.55,0.0,14,91,59,19,1.27,0.95
318,Ben,Doak,Doak,12,3,4.5,0,0.00,0.00,0.00,0.00,0,0,0,0,0,0,0,0,0,0,0,0,0,0.0,0.0,0.0,0.0,0,0,0,0,0,0,0,458,543,555,553,0,0
319,Harvey,Elliott,Elliott,12,3,5.2,1,0.00,0.02,0.02,0.00,7,0,0,0,0,0,0,0,0,0,0,0,3,0.0,2.0,2.0,0.4,0,0.0,0.0,0.26,0.26,0.0,0.0,181,362,347,275,0.0,0.0
320,Endo,Wataru,Endo,12,3,4.9,1,0.00,0.00,0.00,0.00,1,0,0,0,0,0,0,0,0,0,0,0,3,0.0,0.0,0.0,0.0,0,0.0,0.0,0.0,0.0,0.0,0.0,288,350,324,385,0.0,0.0
321,Cody,Gakpo,Gakpo,12,4,7.2,3,0.37,0.01,0.38,1.21,82,0,0,0,1,0,0,0,1,0,0,0,7,4.6,4.4,21.0,3.0,0,0.41,0.0,0.01,0.42,1.33,1.1,22,271,385,134,0.0,0.0
322,Joe,Gomez,Gomez,12,2,4.9,0,0.00,0.00,0.00,0.00,0,0,0,0,0,0,0,0,0,0,0,0,0,0.0,0.0,0.0,0.0,0,0,0,0,0,0,0,291,591,599,263,0,0
323,Ryan,Gravenberch,Gravenberch,12,3,5.0,9,0.04,0.56,0.60,2.61,360,0,0,3,1,0,0,0,2,0,0,0,58,50.4,39.7,13.0,10.3,4,0.01,0.0,0.14,0.15,0.65,0.25,238,147,158,232,1.0,0.75
324,Curtis,Jones,Jones,12,3,5.3,1,0.00,0.01,0.01,0.20,15,0,0,0,0,0,0,0,0,0,0,0,2,0.8,0.7,0.0,0.2,0,0.0,0.0,0.06,0.06,1.2,0.0,176,365,350,495,0.0,0.0
325,Caoimhin,Kelleher,Kelleher,12,1,4.4,0,0.00,0.00,0.00,0.00,0,0,0,0,0,0,0,0,0,0,0,0,0,0.0,0.0,0.0,0.0,0,0,0,0,0,0,0,535,475,490,328,0,0
326,Ibrahima,Konaté,Konaté,12,2,5.1,16,0.23,0.04,0.27,2.12,299,0,0,2,1,0,0,0,0,0,0,1,80,65.6,15.8,25.0,10.7,3,0.07,0.0,0.01,0.08,0.64,0.3,182,33,70,69,0.9,0.6
327,Luis,Díaz,Luis Díaz,12,3,7.8,35,2.04,0.59,2.63,1.44,286,3,1,4,0,0,0,0,0,0,0,5,115,149.2,90.9,139.0,37.9,4,0.64,0.0,0.19,0.83,0.45,0.0,13,2,3,15,1.26,1.26
328,Mohamed,Salah,M.Salah,12,3,12.7,43,1.83,1.16,2.99,2.61,352,3,3,3,1,0,0,0,0,0,0,8,141,183.8,92.7,217.0,49.3,4,0.47,0.0,0.3,0.77,0.67,0.26,2,3,2,2,1.02,0.77
329,Alexis,Mac Allister,Mac Allister,12,3,6.4,10,0.16,0.81,0.97,2.31,329,0,0,3,0,0,0,0,0,0,0,0,53,40.4,63.3,32.0,13.5,4,0.04,0.0,0.22,0.26,0.63,0.0,59,132,144,135,1.09,0.82
330,James,McConnell,McConnell,12,3,4.5,0,0.00,0.00,0.00,0.00,0,0,0,0,0,0,0,0,0,0,0,0,0,0.0,0.0,0.0,0.0,0,0,0,0,0,0,0,452,537,549,535,0,0
331,Tyler,Morton,Morton,12,3,4.5,0,0.00,0.00,0.00,0.00,0,0,0,0,0,0,0,0,0,0,0,0,0,0.0,0.0,0.0,0.0,0,0,0,0,0,0,0,419,519,531,510,0,0
332,Nathaniel,Phillips,N.Phillips,12,2,4.0,0,0.00,0.00,0.00,0.00,0,0,0,0,0,0,0,0,0,0,0,0,0,0.0,0.0,0.0,0.0,0,0,0,0,0,0,0,599,404,423,420,0,0
333,Jarell,Quansah,Quansah,12,2,4.2,1,0.00,0.00,0.00,0.31,45,0,0,0,0,0,0,0,0,0,0,0,7,15.8,0.5,0.0,1.6,1,0.0,0.0,0.0,0.0,0.62,0.0,568,454,282,137,2.0,0.0
334,Rhys,Williams,R.Williams,12,2,4.0,0,0.00,0.00,0.00,0.00,0,0,0,0,0,0,0,0,0,0,0,0,0,0.0,0.0,0.0,0.0,0,0,0,0,0,0,0,606,409,428,457,0,0
335,Andrew,Robertson,Robertson,12,2,6.0,19,0.30,0.48,0.78,2.36,324,0,0,3,1,0,0,0,1,0,0,0,84,46.6,107.1,56.0,21.0,4,0.08,0.0,0.13,0.21,0.66,0.28,77,54,47,56,1.11,0.83
336,Dominik,Szoboszlai,Szoboszlai,12,3,6.5,16,0.40,0.88,1.28,2.61,360,0,2,3,1,0,0,0,2,0,0,1,71,61.6,151.7,49.0,26.3,4,0.1,0.0,0.22,0.32,0.65,0.25,49,106,73,114,1.0,0.75
337,Konstantinos,Tsimikas,Tsimikas,12,2,4.7,3,0.00,0.01,0.01,0.26,33,0,0,0,0,0,0,0,0,0,0,0,11,6.6,2.1,0.0,1.0,0,0.0,0.0,0.03,0.03,0.71,0.0,342,286,314,342,0.0,0.0
339,Virgil,van Dijk,Virgil,12,2,6.0,20,0.16,0.07,0.23,2.61,360,0,0,3,1,0,0,0,1,0,0,1,92,87.8,15.8,35.0,13.8,4,0.04,0.0,0.02,0.06,0.65,0.25,76,39,35,25,1.0,0.75
636,Federico,Chiesa,Chiesa,12,3,7.0,0,0.00,0.00,0.00,0.00,0,0,0,0,0,0,0,0,0,0,0,0,0,0.0,0.0,0.0,0.0,0,0,0,0,0,0,0,26,655,656,310,0,0
340,Manuel,Akanji,Akanji,13,2,5.5,11,0.00,0.28,0.28,2.99,360,0,0,1,3,0,0,0,1,0,0,0,57,68.2,46.9,2.0,11.8,4,0.0,0.0,0.07,0.07,0.75,0.75,115,181,127,75,1.0,0.25
341,Nathan,Aké,Aké,13,2,5.3,1,0.00,0.00,0.00,0.09,2,0,0,0,0,0,0,0,0,0,0,0,4,3.4,0.5,0.0,0.4,0,0.0,0.0,0.0,0.0,4.05,0.0,173,364,349,179,0.0,0.0
342,Bernardo,Veiga de Carvalho e Silva,Bernardo,13,3,6.6,16,0.53,0.77,1.30,2.07,276,0,2,1,2,0,0,0,0,0,0,2,66,56.2,107.3,90.0,25.3,3,0.17,0.0,0.25,0.42,0.68,0.65,40,90,74,66,0.98,0.33
343,Oscar,Bobb,Bobb,13,3,4.8,0,0.00,0.00,0.00,0.00,0,0,0,0,0,0,0,0,0,0,0,0,0,0.0,0.0,0.0,0.0,0,0,0,0,0,0,0,337,583,592,449,0,0
344,Scott,Carson,Carson,13,1,4.0,0,0.00,0.00,0.00,0.00,0,0,0,0,0,0,0,0,0,0,0,0,0,0.0,0.0,0.0,0.0,0,0,0,0,0,0,0,570,382,403,363,0,0
345,Kevin,De Bruyne,De Bruyne,13,3,9.6,18,1.21,2.17,3.38,2.90,356,1,1,1,3,0,0,0,1,0,0,2,89,98.8,246.8,82.0,42.7,4,0.31,0.0,0.55,0.86,0.73,0.76,6,34,60,44,1.01,0.25
346,Jérémy,Doku,Doku,13,3,6.5,7,0.18,0.76,0.94,1.59,227,0,0,1,2,0,0,0,0,0,0,0,55,36.8,86.1,56.0,17.9,3,0.07,0.0,0.3,0.37,0.63,0.79,48,220,147,104,1.19,0.4
347,Ederson,Santana de Moraes,Ederson M.,13,1,5.5,19,0.00,0.01,0.01,2.99,360,0,1,1,3,0,0,0,0,0,10,2,71,98.4,10.0,0.0,10.9,4,0.0,2.5,0.0,0.0,0.75,0.75,108,72,45,54,1.0,0.25
348,Phil,Foden,Foden,13,3,9.3,1,0.00,0.01,0.01,0.72,45,0,0,0,0,0,0,0,0,0,0,0,6,9.0,3.7,0.0,1.3,0,0.0,0.0,0.02,0.02,1.44,0.0,7,658,381,72,0.0,0.0
349,Jack,Grealish,Grealish,13,3,6.4,4,0.48,0.40,0.88,1.43,173,0,0,0,2,0,0,0,1,0,0,0,30,21.4,57.9,64.0,14.4,2,0.25,0.0,0.21,0.46,0.74,1.04,53,218,256,344,1.04,0.0
350,Joško,Gvardiol,Gvardiol,13,2,6.0,12,0.13,0.65,0.78,1.98,312,0,0,1,2,0,0,0,0,0,0,1,65,64.6,34.1,46.0,14.5,3,0.04,0.0,0.19,0.23,0.57,0.58,85,186,116,13,0.87,0.29
351,Erling,Haaland,Haaland,13,4,15.2,54,4.88,0.16,5.04,2.99,359,9,0,1,3,0,0,0,1,0,0,11,262,312.6,16.5,272.0,60.2,4,1.22,0.0,0.04,1.26,0.75,0.75,1,1,1,1,1.0,0.25
352,Julián,Álvarez,J.Alvarez,13,4,7.0,0,0.00,0.00,0.00,0.00,0,0,0,0,0,0,0,0,0,0,0,0,0,0.0,0.0,0.0,0.0,0,0,0,0,0,0,0,28,656,657,428,0,0
353,João,Cavaco Cancelo,João Cancelo,13,2,5.3,0,0.00,0.00,0.00,0.00,0,0,0,0,0,0,0,0,0,0,0,0,0,0.0,0.0,0.0,0.0,0,0,0,0,0,0,0,171,635,637,306,0,0
354,Mateo,Kovačić,Kovačić,13,3,5.5,14,0.13,0.21,0.34,2.95,274,1,0,1,3,0,0,0,1,0,0,3,81,83.8,44.2,9.0,13.7,4,0.04,0.0,0.07,0.11,0.97,0.99,106,263,92,169,1.31,0.33
355,Rico,Lewis,Lewis,13,2,4.7,15,0.62,0.18,0.80,2.95,315,0,1,1,3,0,0,0,0,0,0,1,56,71.2,41.7,42.0,15.4,4,0.18,0.0,0.05,0.23,0.84,0.86,343,97,80,37,1.14,0.29
356,Matheus Luiz,Nunes,Matheus N.,13,3,4.9,6,0.00,0.17,0.17,0.22,20,0,1,0,0,0,0,0,0,0,0,0,24,24.4,15.3,6.0,4.6,0,0.0,0.0,0.76,0.76,0.99,0.0,317,144,178,456,0.0,0.0
357,James,McAtee,McAtee,13,3,4.8,1,0.00,0.02,0.02,0.00,1,0,0,0,0,0,0,0,0,0,0,0,3,0.2,1.0,2.0,0.3,0,0.0,0.0,1.8,1.8,0.0,0.0,336,346,317,517,0.0,0.0
358,Stefan,Ortega Moreno,Ortega Moreno,13,1,5.4,0,0.00,0.00,0.00,0.00,0,0,0,0,0,0,0,0,0,0,0,0,0,0.0,0.0,0.0,0.0,0,0,0,0,0,0,0,136,636,638,237,0,0
360,Rodrigo 'Rodri',Hernandez,Rodrigo,13,3,6.4,1,0.00,0.08,0.08,0.04,45,0,0,0,0,0,0,0,0,0,0,0,13,7.6,16.3,0.0,2.4,0,0.0,0.0,0.16,0.16,0.08,0.0,57,378,376,139,0.0,0.0
361,Rúben,Gato Alves Dias,Rúben,13,2,5.5,8,0.28,0.07,0.35,2.07,276,0,0,1,2,1,0,0,1,0,0,0,41,49.8,22.6,13.0,8.6,3,0.09,0.0,0.02,0.11,0.68,0.65,112,304,191,86,0.98,0.33
362,John,Stones,Stones,13,2,5.4,2,0.00,0.04,0.04,0.92,123,0,0,0,1,0,0,0,1,0,0,0,7,6.0,9.0,2.0,1.6,1,0.0,0.0,0.03,0.03,0.67,0.73,138,300,353,158,0.73,0.0
363,Kyle,Walker,Walker,13,2,5.3,3,0.03,0.14,0.17,1.05,92,0,0,0,1,0,0,0,0,0,0,0,11,8.4,17.6,3.0,2.9,1,0.03,0.0,0.14,0.17,1.03,0.98,167,258,241,78,0.98,0.0
571,Sávio 'Savinho',Moreira de Oliveira,Sávio,13,3,6.5,11,0.74,0.47,1.21,1.55,205,0,2,0,2,0,0,0,1,0,0,1,48,43.0,88.4,75.0,20.6,3,0.32,0.0,0.21,0.53,0.68,0.88,52,89,87,180,1.32,0.0
607,Nico,O'Reilly,O’Reilly,13,3,5.0,0,0.00,0.00,0.00,0.00,0,0,0,0,0,0,0,0,0,0,0,0,0,0.0,0.0,0.0,0.0,0,0,0,0,0,0,0,244,621,625,608,0,0
625,Ilkay,Gündogan,Gündogan,13,3,6.5,4,0.08,0.35,0.43,1.40,131,0,0,0,1,0,0,0,0,0,0,0,21,20.4,76.9,19.0,11.6,1,0.05,0.0,0.24,0.29,0.96,0.69,42,219,258,295,0.69,0.0
626,Issa,Kaboré,Kaboré,13,2,4.5,0,0.00,0.00,0.00,0.00,0,0,0,0,0,0,0,0,0,0,0,0,0,0.0,0.0,0.0,0.0,0,0,0,0,0,0,0,439,531,543,625,0,0
364,Amad,Diallo,Amad,14,3,5.0,16,0.38,0.73,1.11,3.25,260,1,1,2,1,0,0,0,1,0,0,0,65,88.8,135.8,71.0,29.6,3,0.13,0.0,0.25,0.38,1.12,0.35,251,50,69,81,1.04,0.69
365,Antony Matheus,dos Santos,Antony,14,3,5.8,1,0.00,0.05,0.05,0.60,1,0,0,0,1,0,0,0,0,0,0,0,3,3.0,10.3,2.0,1.5,0,0.0,0.0,4.5,4.5,54.0,90.0,99,376,371,346,0.0,0.0
366,Bruno,Borges Fernandes,B.Fernandes,14,3,8.4,12,1.50,1.18,2.68,4.79,348,0,1,2,4,0,0,0,1,0,0,0,61,65.0,73.8,83.0,22.1,4,0.39,0.0,0.31,0.7,1.24,1.03,9,108,120,36,1.03,0.52
367,Altay,Bayindir,Bayindir,14,1,4.4,0,0.00,0.00,0.00,0.00,0,0,0,0,0,0,0,0,0,0,0,0,0,0.0,0.0,0.0,0.0,0,0,0,0,0,0,0,552,486,501,455,0,0
368,Carlos Henrique,Casimiro,Casemiro,14,3,4.9,7,0.26,0.57,0.83,3.23,228,0,0,1,4,0,0,0,0,0,0,0,40,42.4,50.0,29.0,12.2,3,0.1,0.0,0.22,0.32,1.28,1.58,270,202,200,240,1.18,0.39
369,Diogo,Dalot Teixeira,Dalot,14,2,5.0,20,0.02,0.57,0.59,5.38,360,0,1,2,5,0,0,0,0,0,0,3,90,77.4,50.2,9.0,13.6,4,0.0,0.0,0.14,0.14,1.34,1.25,219,48,32,51,1.0,0.5
370,Christian,Eriksen,Eriksen,14,3,5.4,3,0.00,0.36,0.36,1.54,76,0,0,1,0,0,0,0,1,0,0,0,18,11.8,34.8,2.0,4.8,1,0.0,0.0,0.43,0.43,1.82,0.0,135,260,242,390,1.18,1.18
371,Jonny,Evans,Evans,14,2,4.4,2,0.00,0.00,0.00,0.06,22,0,0,0,0,0,0,0,0,0,0,0,5,5.8,0.9,0.0,0.6,0,0.0,0.0,0.0,0.0,0.25,0.0,507,326,283,432,0.0,0.0
372,Alejandro,Garnacho,Garnacho,14,3,6.4,13,1.70,0.29,1.99,2.29,139,1,1,0,4,0,0,0,0,0,0,0,42,64.6,63.3,55.0,18.3,1,1.1,0.0,0.19,1.29,1.48,2.59,62,105,100,40,0.65,0.0
373,Hannibal,Mejbri,Hannibal,14,3,4.5,0,0.00,0.00,0.00,0.00,0,0,0,0,0,0,0,0,0,0,0,0,0,0.0,0.0,0.0,0.0,0,0,0,0,0,0,0,434,528,540,483,0,0
374,Tom,Heaton,Heaton,14,1,4.0,0,0.00,0.00,0.00,0.00,0,0,0,0,0,0,0,0,0,0,0,0,0,0.0,0.0,0.0,0.0,0,0,0,0,0,0,0,572,384,405,338,0,0
375,Rasmus,Højlund,Højlund,14,4,6.9,0,0.00,0.00,0.00,0.00,0,0,0,0,0,0,0,0,0,0,0,0,0,0.0,0.0,0.0,0.0,0,0,0,0,0,0,0,35,654,655,294,0,0
376,Victor,Lindelöf,Lindelof,14,2,4.4,0,0.00,0.00,0.00,0.00,0,0,0,0,0,0,0,0,0,0,0,0,0,0.0,0.0,0.0,0.0,0,0,0,0,0,0,0,530,471,486,463,0,0
377,Harry,Maguire,Maguire,14,2,5.0,8,0.04,0.02,0.06,2.30,195,0,0,1,1,0,0,0,2,0,0,0,38,40.6,14.5,10.0,6.5,2,0.02,0.0,0.01,0.03,1.06,0.46,190,250,181,224,0.92,0.46
378,Kobbie,Mainoo,Mainoo,14,3,5.4,7,0.08,0.19,0.27,5.32,353,0,0,2,5,0,0,0,3,0,0,0,57,44.2,24.4,9.0,7.9,4,0.02,0.0,0.05,0.07,1.36,1.27,165,216,214,85,1.02,0.51
379,Tyrell,Malacia,Malacia,14,2,4.4,0,0.00,0.00,0.00,0.00,0,0,0,0,0,0,0,0,0,0,0,0,0,0.0,0.0,0.0,0.0,0,0,0,0,0,0,0,539,478,493,620,0,0
380,Lisandro,Martínez,Martinez,14,2,4.5,14,0.34,0.22,0.56,5.38,346,0,0,2,5,0,0,0,1,0,0,1,63,56.2,18.2,4.0,7.9,4,0.09,0.0,0.06,0.15,1.4,1.3,395,124,89,79,1.04,0.52
381,Scott,McTominay,McTominay,14,3,4.9,2,0.07,0.00,0.07,0.66,17,0,0,0,1,0,0,0,0,0,0,0,4,3.2,0.3,5.0,0.9,0,0.37,0.0,0.0,0.37,3.49,5.29,295,352,326,322,0.0,0.0
382,Mason,Mount,Mount,14,3,6.3,3,0.39,0.03,0.42,1.02,105,0,0,1,1,0,0,0,1,0,0,0,2,13.0,23.7,42.0,7.9,2,0.33,0.0,0.03,0.36,0.87,0.86,66,377,245,425,1.71,0.86
383,André,Onana,Onana,14,1,5.0,21,0.00,0.00,0.00,5.38,360,0,0,2,5,0,1,0,0,0,7,1,76,98.0,0.0,0.0,9.8,4,0.0,1.75,0.0,0.0,1.34,1.25,207,31,25,76,1.0,0.5
384,Facundo,Pellistri Rebollo,Pellistri,14,3,5.0,0,0.00,0.00,0.00,0.00,0,0,0,0,0,0,0,0,0,0,0,0,0,0.0,0.0,0.0,0.0,0,0,0,0,0,0,0,248,623,627,617,0,0
385,Marcus,Rashford,Rashford,14,3,6.9,15,0.40,0.72,1.12,4.62,316,1,0,2,4,0,0,0,0,0,0,0,55,60.2,69.2,58.0,18.7,4,0.11,0.0,0.21,0.32,1.32,1.14,31,62,86,94,1.14,0.57
387,Luke,Shaw,Shaw,14,2,4.9,0,0.00,0.00,0.00,0.00,0,0,0,0,0,0,0,0,0,0,0,0,0,0.0,0.0,0.0,0.0,0,0,0,0,0,0,0,277,586,594,330,0,0
389,Joshua,Zirkzee,Zirkzee,14,4,7.0,12,2.09,0.08,2.17,3.93,249,1,0,1,4,0,0,0,1,0,0,3,40,60.8,41.1,115.0,21.7,2,0.76,0.0,0.03,0.79,1.42,1.45,27,221,119,93,0.72,0.36
572,Leny,Yoro,Yoro,14,2,4.4,0,0.00,0.00,0.00,0.00,0,0,0,0,0,0,0,0,0,0,0,0,0,0.0,0.0,0.0,0.0,0,0,0,0,0,0,0,564,493,508,454,0,0
593,Matthijs,de Ligt,De Ligt,14,2,5.0,17,0.41,0.00,0.41,3.08,174,1,0,1,4,0,0,0,1,0,0,3,55,76.8,11.4,36.0,12.5,2,0.21,0.0,0.0,0.21,1.59,2.07,213,26,64,88,1.03,0.52
594,Noussair,Mazraoui,Mazraoui,14,2,4.5,19,0.20,0.39,0.59,5.32,333,0,1,2,5,0,0,0,0,0,0,2,71,70.2,45.3,44.0,15.9,4,0.05,0.0,0.11,0.16,1.44,1.35,399,66,40,26,1.08,0.54
613,Toby,Collyer,Collyer,14,3,4.5,1,0.00,0.01,0.01,1.03,45,0,0,0,1,0,0,0,0,0,0,0,12,14.2,12.6,2.0,2.9,0,0.0,0.0,0.02,0.02,2.06,2.0,449,339,306,491,0.0,0.0
648,Ethan,Wheatley,Wheatley,14,4,4.5,0,0.00,0.00,0.00,0.00,0,0,0,0,0,0,0,0,0,0,0,0,0,0.0,0.0,0.0,0.0,0,0,0,0,0,0,0,497,573,582,181,0,0
652,Manuel,Ugarte,Ugarte,14,3,5.0,1,0.00,0.00,0.00,0.00,17,0,0,0,0,0,0,0,0,0,0,0,8,4.6,3.1,0.0,0.8,0,0.0,0.0,0.0,0.0,0.0,0.0,227,254,341,453,0.0,0.0
390,Alex,Murphy,A.Murphy,15,2,4.0,0,0.00,0.00,0.00,0.00,0,0,0,0,0,0,0,0,0,0,0,0,0,0.0,0.0,0.0,0.0,0,0,0,0,0,0,0,651,446,465,197,0,0
391,Miguel,Almirón Rejala,Almirón,15,3,5.8,2,0.00,0.00,0.00,0.08,2,0,0,0,0,0,0,0,0,0,0,0,6,0.4,0.3,0.0,0.1,0,0.0,0.0,0.0,0.0,3.6,0.0,94,307,366,239,0.0,0.0
392,Harvey,Barnes,Barnes,15,3,6.4,23,0.59,0.52,1.11,2.87,157,2,1,0,1,0,0,0,0,0,0,5,77,96.8,52.9,55.0,20.5,1,0.34,0.0,0.3,0.64,1.65,0.57,54,7,19,155,0.57,0.0
393,Sven,Botman,Botman,15,2,4.5,0,0.00,0.00,0.00,0.00,0,0,0,0,0,0,0,0,0,0,0,0,0,0.0,0.0,0.0,0.0,0,0,0,0,0,0,0,393,509,522,601,0,0
394,Bruno,Guimarães Rodriguez Moura,Bruno G.,15,3,6.4,13,0.13,0.33,0.46,6.13,356,0,1,1,3,0,0,0,1,0,0,2,62,80.6,42.6,18.0,14.2,4,0.03,0.0,0.08,0.11,1.55,0.76,55,87,99,120,1.01,0.25
395,Dan,Burn,Burn,15,2,4.5,7,0.33,0.09,0.42,6.25,360,0,0,1,3,1,0,0,3,0,0,0,32,75.2,2.5,35.0,11.3,4,0.08,0.0,0.02,0.1,1.56,0.75,352,281,196,29,1.0,0.25
396,Martin,Dúbravka,Dúbravka,15,1,4.3,0,0.00,0.00,0.00,0.00,0,0,0,0,0,0,0,0,0,0,0,0,0,0.0,0.0,0.0,0.0,0,0,0,0,0,0,0,565,455,473,217,0,0
398,Anthony,Gordon,Gordon,15,3,7.4,17,0.83,0.89,1.72,5.73,337,1,0,1,3,0,0,0,0,0,0,3,72,72.2,144.8,58.0,27.6,4,0.22,0.0,0.24,0.46,1.53,0.8,20,44,65,21,1.07,0.27
399,Lewis,Hall,Hall,15,2,4.4,9,0.00,0.16,0.16,3.01,202,0,0,1,1,0,0,0,1,0,0,0,44,56.4,46.5,4.0,10.8,2,0.0,0.0,0.07,0.07,1.34,0.45,558,189,152,110,0.89,0.45
400,Isaac,Hayden,Hayden,15,3,4.5,0,0.00,0.00,0.00,0.00,0,0,0,0,0,0,0,0,0,0,0,0,0,0.0,0.0,0.0,0.0,0,0,0,0,0,0,0,370,503,516,460,0,0
401,Alexander,Isak,Isak,15,4,8.4,17,1.32,0.28,1.60,5.89,315,1,1,1,3,0,0,0,0,0,0,3,63,67.4,39.1,105.0,21.1,4,0.38,0.0,0.08,0.46,1.68,0.86,10,64,66,5,1.14,0.29
402,Jacob,Murphy,J.Murphy,15,3,5.3,7,0.19,0.88,1.07,2.62,205,0,1,0,2,0,0,0,1,0,0,0,27,38.2,42.2,34.0,11.5,3,0.08,0.0,0.39,0.47,1.15,0.88,170,153,210,215,1.32,0.0
403,Joelinton Cássio,Apolinário de Lira,Joelinton,15,3,6.0,13,0.29,0.06,0.35,5.89,315,1,0,1,3,0,0,0,3,0,0,3,35,73.2,25.6,45.0,14.4,4,0.08,0.0,0.02,0.1,1.68,0.86,79,312,98,127,1.14,0.29
404,Lloyd,Kelly,Kelly,15,2,4.5,8,0.19,0.10,0.29,3.36,158,0,1,0,2,0,0,0,1,0,0,0,30,48.8,15.5,7.0,7.0,2,0.11,0.0,0.06,0.17,1.91,1.14,406,125,170,381,1.14,0.0
405,Emil,Krafth,Krafth,15,2,4.5,10,0.04,0.03,0.07,5.07,240,0,0,1,2,0,0,0,0,0,0,0,34,44.2,10.9,11.0,6.6,2,0.02,0.0,0.01,0.03,1.9,0.75,365,192,94,376,0.75,0.38
406,Garang,Kuol,Kuol,15,3,4.5,0,0.00,0.00,0.00,0.00,0,0,0,0,0,0,0,0,0,0,0,0,0,0.0,0.0,0.0,0.0,0,0,0,0,0,0,0,491,568,577,523,0,0
407,Jamaal,Lascelles,Lascelles,15,2,4.5,0,0.00,0.00,0.00,0.00,0,0,0,0,0,0,0,0,0,0,0,0,0,0.0,0.0,0.0,0.0,0,0,0,0,0,0,0,359,499,513,639,0,0
408,Jamal,Lewis,Lewis,15,2,4.0,0,0.00,0.00,0.00,0.00,0,0,0,0,0,0,0,0,0,0,0,0,0,0.0,0.0,0.0,0.0,0,0,0,0,0,0,0,598,403,422,297,0,0
409,Tino,Livramento,Livramento,15,2,4.5,12,0.00,0.01,0.01,5.03,300,0,0,1,3,0,0,0,0,0,0,1,41,67.8,15.4,0.0,8.4,4,0.0,0.0,0.0,0.0,1.51,0.9,420,164,106,108,1.2,0.3
410,Sean,Longstaff,Longstaff,15,3,4.9,7,0.00,0.03,0.03,5.20,271,0,0,1,3,0,0,0,1,0,0,0,36,29.4,18.2,6.0,5.4,4,0.0,0.0,0.01,0.01,1.73,1.0,293,204,203,212,1.33,0.33
411,Lewis,Miley,Miley,15,3,5.0,0,0.00,0.00,0.00,0.00,0,0,0,0,0,0,0,0,0,0,0,0,0,0.0,0.0,0.0,0.0,0,0,0,0,0,0,0,264,631,633,652,0,0
412,Odysseas,Vlachodimos,Odysseas,15,1,4.4,0,0.00,0.00,0.00,0.00,0,0,0,0,0,0,0,0,0,0,0,0,0,0.0,0.0,0.0,0.0,0,0,0,0,0,0,0,520,463,479,424,0,0
413,Nick,Pope,Pope,15,1,5.0,19,0.00,0.00,0.00,6.25,360,0,0,1,3,0,0,0,0,0,16,2,69,119.2,0.0,0.0,12.0,4,0.0,4.0,0.0,0.0,1.56,0.75,191,81,41,49,1.0,0.25
414,John,Ruddy,Ruddy,15,1,4.0,0,0.00,0.00,0.00,0.00,0,0,0,0,0,0,0,0,0,0,0,0,0,0.0,0.0,0.0,0.0,0,0,0,0,0,0,0,571,383,404,299,0,0
415,Fabian,Schär,Schär,15,2,5.4,6,0.14,0.01,0.15,1.19,117,1,0,0,1,0,0,0,0,1,0,0,16,46.8,1.6,15.0,5.9,2,0.11,0.0,0.01,0.12,0.92,0.77,140,118,109,191,1.54,0.0
416,Matt,Targett,Targett,15,2,4.0,0,0.00,0.00,0.00,0.00,0,0,0,0,0,0,0,0,0,0,0,0,0,0.0,0.0,0.0,0.0,0,0,0,0,0,0,0,590,397,417,241,0,0
417,Sandro,Tonali,Tonali,15,3,5.5,2,0.44,0.03,0.47,0.64,67,0,0,0,0,0,0,0,0,0,0,0,17,16.2,4.4,34.0,5.4,0,0.59,0.0,0.04,0.63,0.86,0.0,119,305,360,298,0.0,0.0
418,Kieran,Trippier,Trippier,15,2,5.8,2,0.00,0.04,0.04,1.22,58,0,0,0,0,0,0,0,0,0,0,0,6,9.0,10.1,0.0,1.9,0,0.0,0.0,0.06,0.06,1.89,0.0,93,306,365,62,0.0,0.0
419,Joe,White,White,15,3,4.5,0,0.00,0.00,0.00,0.00,0,0,0,0,0,0,0,0,0,0,0,0,0,0.0,0.0,0.0,0.0,0,0,0,0,0,0,0,431,525,537,334,0,0
420,Joe,Willock,Willock,15,3,4.8,5,0.16,0.10,0.26,0.79,65,0,1,0,0,0,0,0,0,0,0,0,27,34.4,54.6,16.0,10.5,0,0.22,0.0,0.14,0.36,1.09,0.0,333,168,135,395,0.0,0.0
421,Callum,Wilson,Wilson,15,4,6.9,0,0.00,0.00,0.00,0.00,0,0,0,0,0,0,0,0,0,0,0,0,0,0.0,0.0,0.0,0.0,0,0,0,0,0,0,0,29,653,654,537,0,0
574,Miodrag,Pivaš,Pivas,15,2,4.0,0,0.00,0.00,0.00,0.00,0,0,0,0,0,0,0,0,0,0,0,0,0,0.0,0.0,0.0,0.0,0,0,0,0,0,0,0,655,450,469,431,0,0
590,William,Osula,Osula,15,4,5.0,0,0.00,0.00,0.00,0.00,0,0,0,0,0,0,0,0,0,0,0,0,0,0.0,0.0,0.0,0.0,0,0,0,0,0,0,0,263,630,632,407,0,0
26,Álex,Moreno Lopera,Alex Moreno,16,2,4.4,6,0.00,0.01,0.01,0.85,79,0,0,1,0,0,0,0,1,0,0,1,27,15.0,4.3,0.0,1.9,1,0.0,0.0,0.01,0.01,0.97,0.0,517,136,13,246,1.14,1.14
422,Ola,Aina,Aina,16,2,4.4,20,0.03,0.23,0.26,2.37,323,0,0,2,1,0,0,0,0,0,0,5,79,50.6,34.0,4.0,8.9,4,0.01,0.0,0.06,0.07,0.66,0.28,526,13,29,89,1.11,0.56
423,Elliot,Anderson,Anderson,16,3,5.0,13,0.10,0.12,0.22,2.20,242,0,1,2,2,0,0,0,1,0,0,2,60,64.8,58.0,30.0,15.3,3,0.04,0.0,0.04,0.08,0.82,0.74,217,57,95,370,1.12,0.74
424,Taiwo,Awoniyi,Awoniyi,16,4,5.8,3,0.12,0.03,0.15,0.60,34,0,0,0,1,0,0,0,0,0,0,0,12,7.8,2.5,21.0,3.1,0,0.32,0.0,0.08,0.4,1.59,2.65,95,308,367,262,0.0,0.0
425,Willy,Boly,Boly,16,2,4.4,3,0.07,0.00,0.07,1.22,91,0,0,0,1,0,0,0,0,0,0,0,13,32.0,0.2,17.0,4.9,1,0.07,0.0,0.0,0.07,1.21,0.99,514,328,225,375,0.99,0.0
426,Josh,Bowler,Bowler,16,3,4.5,0,0.00,0.00,0.00,0.00,0,0,0,0,0,0,0,0,0,0,0,0,0,0.0,0.0,0.0,0.0,0,0,0,0,0,0,0,412,516,528,538,0,0
427,Carlos Miguel,dos Santos Pereira,C.Miguel,16,1,4.3,0,0.00,0.00,0.00,0.00,0,0,0,0,0,0,0,0,0,0,0,0,0,0.0,0.0,0.0,0.0,0,0,0,0,0,0,0,567,457,475,349,0,0
428,Eric,da Silva Moreira,Da Silva Moreira,16,3,4.5,0,0.00,0.00,0.00,0.00,0,0,0,0,0,0,0,0,0,0,0,0,0,0.0,0.0,0.0,0.0,0,0,0,0,0,0,0,492,569,578,480,0,0
429,Danilo,dos Santos de Oliveira,Danilo,16,3,4.8,1,0.00,0.00,0.00,0.28,14,0,0,0,0,0,0,0,0,0,0,0,1,0.0,0.1,0.0,0.0,1,0.0,0.0,0.0,0.0,1.8,0.0,340,585,319,586,6.43,0.0
430,Emmanuel,Dennis,Dennis,16,4,4.9,0,0.00,0.00,0.00,0.00,0,0,0,0,0,0,0,0,0,0,0,0,0,0.0,0.0,0.0,0.0,0,0,0,0,0,0,0,304,596,604,320,0,0
431,Nicolás,Domínguez,Dominguez,16,3,4.9,2,0.12,0.10,0.22,1.41,104,0,0,0,1,0,0,0,1,0,0,0,4,18.6,17.9,5.0,4.2,1,0.1,0.0,0.09,0.19,1.22,0.87,308,355,387,565,0.87,0.0
432,Anthony,Elanga,Elanga,16,3,5.3,9,0.49,0.47,0.96,1.62,262,0,1,1,1,0,0,0,1,0,0,0,41,49.6,106.6,71.0,22.8,3,0.17,0.0,0.16,0.33,0.56,0.34,178,117,160,183,1.03,0.34
433,Morgan,Gibbs-White,Gibbs-White,16,3,6.5,16,0.72,0.84,1.56,2.95,350,1,0,2,2,0,0,0,1,0,0,2,62,80.6,135.8,125.0,34.1,4,0.19,0.0,0.22,0.41,0.76,0.51,46,42,72,96,1.03,0.51
434,Callum,Hudson-Odoi,Hudson-Odoi,16,3,5.4,15,0.33,0.61,0.94,1.68,276,1,0,2,1,0,0,0,0,0,0,1,73,71.8,100.4,74.0,24.6,3,0.11,0.0,0.2,0.31,0.55,0.33,151,58,83,122,0.98,0.65
435,Alex,Mighten,Mighten,16,3,4.5,0,0.00,0.00,0.00,0.00,0,0,0,0,0,0,0,0,0,0,0,0,0,0.0,0.0,0.0,0.0,0,0,0,0,0,0,0,410,515,527,570,0,0
436,Murillo,Santiago Costa dos Santos,Murillo,16,2,4.5,17,0.00,0.12,0.12,3.04,360,0,0,2,2,0,0,0,0,0,0,1,76,72.4,13.1,6.0,9.2,4,0.0,0.0,0.03,0.03,0.76,0.5,498,29,62,219,1.0,0.5
437,Neco,Williams,N.Williams,16,2,4.5,10,0.43,0.18,0.61,2.19,280,0,0,1,2,0,0,0,1,0,0,0,42,55.8,48.9,40.0,14.5,3,0.14,0.0,0.06,0.2,0.7,0.64,390,93,133,231,0.96,0.32
438,Omar,Richards,O.Richards,16,2,4.5,0,0.00,0.00,0.00,0.00,0,0,0,0,0,0,0,0,0,0,0,0,0,0.0,0.0,0.0,0.0,0,0,0,0,0,0,0,383,507,520,571,0,0
439,Lewis,O'Brien,O'Brien,16,3,5.0,0,0.00,0.00,0.00,0.00,0,0,0,0,0,0,0,0,0,0,0,0,0,0.0,0.0,0.0,0.0,0,0,0,0,0,0,0,229,613,619,658,0,0
440,Andrew,Omobamidele,Omobamidele,16,2,4.4,0,0.00,0.00,0.00,0.00,0,0,0,0,0,0,0,0,0,0,0,0,0,0.0,0.0,0.0,0.0,0,0,0,0,0,0,0,556,489,504,499,0,0
441,Jonathan,Panzo,Panzo,16,2,4.0,0,0.00,0.00,0.00,0.00,0,0,0,0,0,0,0,0,0,0,0,0,0,0.0,0.0,0.0,0.0,0,0,0,0,0,0,0,602,407,426,655,0,0
442,Ibrahim,Sangaré,Sangaré,16,3,4.5,4,0.02,0.06,0.08,1.98,212,0,0,1,2,0,0,0,2,0,0,0,26,38.8,16.4,19.0,7.4,3,0.01,0.0,0.03,0.04,0.84,0.85,386,282,247,128,1.27,0.42
443,Matz,Sels,Sels,16,1,4.5,20,0.00,0.00,0.00,3.04,360,0,0,2,2,0,0,0,1,0,10,3,68,76.0,0.0,0.0,7.6,4,0.0,2.5,0.0,0.0,0.76,0.5,356,18,30,129,1.0,0.5
444,Harry,Toffolo,Toffolo,16,2,4.4,1,0.02,0.01,0.03,0.67,36,0,0,0,1,0,0,0,0,0,0,0,0,9.6,3.0,6.0,1.9,0,0.05,0.0,0.02,0.07,1.68,2.5,522,465,288,486,0.0,0.0
446,Hwang,Ui-jo,Ui-jo,16,4,4.5,0,0.00,0.00,0.00,0.00,0,0,0,0,0,0,0,0,0,0,0,0,0,0.0,0.0,0.0,0.0,0,0,0,0,0,0,0,381,505,518,113,0,0
447,Chris,Wood,Wood,16,4,6.1,21,1.55,0.13,1.68,2.36,315,2,0,3,1,0,0,0,1,0,0,6,70,84.0,40.5,159.0,28.4,4,0.44,0.0,0.04,0.48,0.67,0.29,73,61,27,59,1.14,0.86
448,Joe,Worrall,Worrall,16,2,4.5,0,0.00,0.00,0.00,0.00,0,0,0,0,0,0,0,0,0,0,0,0,0,0.0,0.0,0.0,0.0,0,0,0,0,0,0,0,384,508,521,551,0,0
449,Ryan,Yates,Yates,16,3,5.0,11,0.26,0.05,0.31,2.00,221,0,1,1,1,0,0,0,1,0,0,2,47,27.2,40.3,47.0,11.5,1,0.11,0.0,0.02,0.13,0.81,0.41,211,209,126,361,0.41,0.41
531,James,Ward-Prowse,Ward-Prowse,16,3,6.3,4,0.00,0.01,0.01,1.21,106,0,0,1,1,0,0,0,0,0,0,0,16,13.6,2.8,0.0,1.7,1,0.0,0.0,0.01,0.01,1.03,0.85,64,267,194,199,0.85,0.85
573,Nikola,Milenković,Milenković,16,2,4.5,14,0.98,0.02,1.00,1.82,270,0,0,2,1,0,0,0,0,0,0,0,48,37.8,21.4,21.0,8.0,3,0.33,0.0,0.01,0.34,0.61,0.33,398,37,52,329,1.0,0.67
596,João Pedro,Ferreira Silva,Jota Silva,16,3,6.0,3,0.00,0.03,0.03,0.10,11,0,0,0,0,0,0,0,0,0,0,0,14,8.6,13.3,0.0,2.2,0,0.0,0.0,0.25,0.25,0.82,0.0,86,266,372,442,0.0,0.0
620,Ramón,Sosa,Sosa,16,3,5.5,1,0.09,0.06,0.15,0.03,10,0,0,0,0,0,0,0,0,0,0,0,5,6.2,20.8,7.0,3.4,0,0.81,0.0,0.54,1.35,0.27,0.0,129,374,364,588,0.0,0.0
653,Felipe,Rodrigues da Silva,Morato,16,2,4.5,1,0.00,0.00,0.00,0.09,9,0,0,0,0,0,0,0,0,0,0,0,4,3.0,0.0,0.0,0.3,0,0.0,0.0,0.0,0.0,0.9,0.0,443,239,305,622,0.0,0.0
14,Aaron,Ramsdale,Ramsdale,17,1,4.4,5,0.00,0.00,0.00,5.45,180,0,0,0,6,0,0,0,0,0,11,0,17,73.2,0.0,0.0,7.3,2,0.0,5.5,0.0,0.0,2.72,3.0,543,162,132,140,1.0,0.0
27,Cameron,Archer,Archer,17,4,5.0,3,1.02,0.02,1.04,3.97,143,0,0,0,4,0,0,1,0,0,0,0,6,9.6,2.8,65.0,7.8,1,0.64,0.0,0.01,0.65,2.5,2.52,234,297,384,153,0.63,0.0
188,Lesley,Ugochukwu,Ugochukwu,17,3,4.5,2,0.21,0.01,0.22,1.85,63,0,0,0,2,0,0,0,0,0,0,0,2,10.2,12.5,4.0,2.7,1,0.3,0.0,0.01,0.31,2.64,2.86,466,284,172,265,1.43,0.0
397,Ryan,Fraser,Fraser,17,3,4.9,1,0.00,0.00,0.00,0.82,26,0,0,0,1,0,0,0,0,0,0,0,6,2.0,0.3,0.0,0.2,0,0.0,0.0,0.0,0.0,2.84,3.46,276,347,321,552,0.0,0.0
450,Carlos,Alcaraz Durán,Alcaraz,17,3,4.9,1,0.07,0.03,0.10,0.00,9,0,0,0,0,0,0,0,0,0,0,0,4,8.4,15.9,19.0,4.3,0,0.7,0.0,0.3,1.0,0.0,0.0,327,605,336,536,0.0,0.0
451,Samuel,Amo-Ameyaw,Amo-Ameyaw,17,3,4.5,1,0.02,0.13,0.15,0.00,9,0,0,0,0,0,0,0,0,0,0,0,4,4.0,15.0,6.0,2.5,0,0.2,0.0,1.3,1.5,0.0,0.0,465,548,308,408,0.0,0.0
452,Joe,Aribo,Aribo,17,3,5.0,6,0.53,0.49,1.02,5.10,225,0,0,0,5,0,0,0,0,0,0,0,37,26.2,50.3,26.0,10.3,3,0.21,0.0,0.2,0.41,2.04,2.0,203,208,183,500,1.2,0.0
453,Adam,Armstrong,Armstrong,17,4,5.4,4,0.78,0.14,0.92,3.36,205,0,0,0,3,0,0,0,1,0,0,0,6,10.0,16.7,54.0,8.0,3,0.34,0.0,0.06,0.4,1.48,1.32,143,301,254,192,1.32,0.0
454,Gavin,Bazunu,Bazunu,17,1,4.4,0,0.00,0.00,0.00,0.00,0,0,0,0,0,0,0,0,0,0,0,0,0,0.0,0.0,0.0,0.0,0,0,0,0,0,0,0,553,487,502,393,0,0
455,Jan,Bednarek,Bednarek,17,2,4.0,5,0.00,0.06,0.06,8.15,350,0,0,0,8,0,0,0,1,0,0,0,31,94.2,29.6,4.0,12.7,4,0.0,0.0,0.02,0.02,2.1,2.06,592,223,259,101,1.03,0.0
456,Armel,Bella-Kotchap,Bella-Kotchap,17,2,4.0,0,0.00,0.00,0.00,0.00,0,0,0,0,0,0,0,0,0,0,0,0,0,0.0,0.0,0.0,0.0,0,0,0,0,0,0,0,632,429,448,309,0,0
457,James,Bree,Bree,17,2,4.0,0,0.00,0.00,0.00,0.00,0,0,0,0,0,0,0,0,0,0,0,0,0,0.0,0.0,0.0,0.0,0,0,0,0,0,0,0,595,400,420,392,0,0
458,Shea,Charles,Charles,17,3,4.5,0,0.00,0.00,0.00,0.00,0,0,0,0,0,0,0,0,0,0,0,0,0,0.0,0.0,0.0,0.0,0,0,0,0,0,0,0,433,527,539,511,0,0
459,Samuel,Edozie,Edozie,17,3,4.9,1,0.00,0.15,0.15,0.31,64,0,0,0,0,0,0,0,1,0,0,0,6,9.8,19.0,22.0,5.1,0,0.0,0.0,0.21,0.21,0.44,0.0,324,357,398,592,0.0,0.0
460,Ronnie,Edwards,Edwards,17,2,4.0,0,0.00,0.00,0.00,0.00,0,0,0,0,0,0,0,0,0,0,0,0,0,0.0,0.0,0.0,0.0,0,0,0,0,0,0,0,638,435,454,382,0,0
461,Taylor,Harwood-Bellis,Harwood-Bellis,17,2,4.0,4,0.00,0.07,0.07,4.49,229,0,0,0,4,0,0,0,2,0,0,0,9,49.6,33.6,6.0,9.0,3,0.0,0.0,0.03,0.03,1.76,1.57,614,225,278,41,1.18,0.0
462,Kamaldeen,Sulemana,Kamaldeen,17,3,5.0,0,0.00,0.00,0.00,0.00,0,0,0,0,0,0,0,0,0,0,0,0,0,0.0,0.0,0.0,0.0,0,0,0,0,0,0,0,253,627,629,648,0,0
463,Adam,Lallana,Lallana,17,3,5.0,5,0.07,0.06,0.13,1.01,35,0,1,0,1,0,0,0,0,0,0,0,16,23.4,11.7,9.0,4.4,0,0.18,0.0,0.15,0.33,2.6,2.57,187,173,136,567,0.0,0.0
464,Juan,Larios López,Larios,17,2,4.0,0,0.00,0.00,0.00,0.00,0,0,0,0,0,0,0,0,0,0,0,0,0,0.0,0.0,0.0,0.0,0,0,0,0,0,0,0,645,441,460,477,0,0
465,Mateusz,Lis,Lis,17,1,4.0,0,0.00,0.00,0.00,0.00,0,0,0,0,0,0,0,0,0,0,0,0,0,0.0,0.0,0.0,0.0,0,0,0,0,0,0,0,600,405,424,383,0,0
466,Joe,Lumley,Lumley,17,1,4.0,0,0.00,0.00,0.00,0.00,0,0,0,0,0,0,0,0,0,0,0,0,0,0.0,0.0,0.0,0.0,0,0,0,0,0,0,0,589,396,416,308,0,0
467,Ryan,Manning,Manning,17,2,4.4,0,0.00,0.00,0.00,0.00,0,0,0,0,0,0,0,0,0,0,0,0,0,0.0,0.0,0.0,0.0,0,0,0,0,0,0,0,536,476,491,490,0,0
468,Sékou,Mara,Mara,17,4,5.0,0,0.00,0.00,0.00,0.00,0,0,0,0,0,0,0,0,0,0,0,0,0,0.0,0.0,0.0,0.0,0,0,0,0,0,0,0,245,622,626,527,0,0
469,Alex,McCarthy,McCarthy,17,1,4.5,6,0.00,0.00,0.00,2.70,180,0,0,0,2,0,0,0,0,0,7,0,21,52.0,0.0,0.0,5.2,2,0.0,3.5,0.0,0.0,1.35,1.0,350,190,101,357,1.0,0.0
470,Paul,Onuachu,Onuachu,17,4,5.0,0,0.00,0.00,0.00,0.00,0,0,0,0,0,0,0,0,0,0,0,0,0,0.0,0.0,0.0,0.0,0,0,0,0,0,0,0,194,608,614,429,0,0
471,Will,Smallbone,Smallbone,17,3,5.0,5,0.31,0.54,0.85,3.67,218,0,0,0,3,0,0,0,0,0,0,0,28,20.6,56.9,32.0,10.9,3,0.13,0.0,0.22,0.35,1.52,1.24,216,253,220,530,1.24,0.0
472,Jack,Stephens,Stephens,17,2,4.0,2,0.23,0.10,0.33,7.38,348,0,0,0,8,0,0,0,1,1,0,0,4,42.0,27.1,11.0,8.0,4,0.06,0.0,0.03,0.09,1.91,2.07,577,321,390,207,1.03,0.0
473,Ross,Stewart,Stewart,17,4,4.5,1,0.00,0.00,0.00,0.82,28,0,0,0,1,0,0,0,0,0,0,0,1,0.0,1.2,0.0,0.1,0,0.0,0.0,0.0,0.0,2.64,3.21,400,337,298,156,0.0,0.0
474,Sugawara,Yukinari,Sugawara,17,2,4.5,11,0.24,0.79,1.03,7.84,296,1,0,0,8,0,0,0,0,0,0,0,53,100.2,80.6,35.0,21.5,4,0.07,0.0,0.24,0.31,2.38,2.43,391,78,122,312,1.22,0.0
475,Charlie,Taylor,Taylor,17,2,4.0,1,0.00,0.01,0.01,0.19,14,0,0,0,0,0,0,0,0,0,0,0,3,0.8,1.6,2.0,0.4,0,0.0,0.0,0.06,0.06,1.22,0.0,581,322,275,84,0.0,0.0
476,Kyle,Walker-Peters,Walker-Peters,17,2,4.5,6,0.20,0.17,0.37,8.15,350,0,0,0,8,0,0,0,0,0,0,0,30,52.4,33.4,53.0,13.9,4,0.05,0.0,0.04,0.09,2.1,2.06,372,193,227,261,1.03,0.0
477,Nathan,Wood-Gordon,Wood,17,2,4.0,0,0.00,0.00,0.00,0.00,0,0,0,0,0,0,0,0,0,0,0,0,0,0.0,0.0,0.0,0.0,0,0,0,0,0,0,0,613,414,433,167,0,0
515,Maxwel,Cornet,Cornet,17,3,4.9,0,0.00,0.00,0.00,0.82,26,0,0,0,1,0,0,0,1,0,0,0,3,5.4,2.0,2.0,0.9,0,0.0,0.0,0.0,0.0,2.84,3.46,283,589,597,555,0.0,0.0
518,Flynn,Downes,Downes,17,3,4.9,7,0.20,0.51,0.71,8.15,360,0,0,0,8,0,0,0,1,0,0,0,55,63.8,110.7,20.0,19.5,4,0.05,0.0,0.13,0.18,2.04,2.0,301,171,204,496,1.0,0.0
584,Ben,Brereton Díaz,Brereton Díaz,17,3,5.4,7,0.50,0.12,0.62,7.33,313,0,0,0,7,0,0,0,1,0,0,0,24,16.6,57.8,55.0,13.0,4,0.14,0.0,0.03,0.17,2.11,2.01,149,155,211,256,1.15,0.0
608,Tyler,Dibling,Dibling,17,3,4.5,5,0.08,0.20,0.28,3.42,122,0,0,0,4,0,0,0,0,0,0,0,32,24.2,55.9,35.0,11.6,1,0.06,0.0,0.15,0.21,2.52,2.95,459,201,265,292,0.74,0.0
623,Mateus Gonçalo,Espanha Fernandes,M.Fernandes,17,3,5.0,4,0.18,0.10,0.28,3.90,139,0,0,0,4,0,0,0,0,0,0,0,20,14.0,13.8,49.0,7.7,1,0.12,0.0,0.06,0.18,2.53,2.59,265,212,252,611,0.65,0.0
82,Dominic,Solanke-Mitchell,Solanke,18,4,7.5,4,0.51,0.18,0.69,1.75,180,0,0,0,2,0,0,0,0,0,0,0,17,19.0,20.1,74.0,11.2,2,0.26,0.0,0.09,0.35,0.88,1.0,16,316,195,58,1.0,0.0
478,Ashley,Phillips,A.Phillips,18,2,4.0,0,0.00,0.00,0.00,0.00,0,0,0,0,0,0,0,0,0,0,0,0,0,0.0,0.0,0.0,0.0,0,0,0,0,0,0,0,652,447,466,303,0,0
479,Brandon,Austin,Austin,18,1,4.0,0,0.00,0.00,0.00,0.00,0,0,0,0,0,0,0,0,0,0,0,0,0,0.0,0.0,0.0,0.0,0,0,0,0,0,0,0,603,408,427,245,0,0
480,Rodrigo,Bentancur,Bentancur,18,3,5.0,2,0.27,0.10,0.37,1.63,152,0,0,0,2,0,0,0,3,0,0,0,24,15.6,14.0,29.0,5.8,2,0.16,0.0,0.06,0.22,0.97,1.18,208,360,388,398,1.18,0.0
481,Lucas,Bergvall,Bergvall,18,3,4.5,3,0.06,0.17,0.23,0.12,31,0,0,0,0,0,0,0,0,0,0,0,13,13.2,25.6,7.0,4.6,0,0.17,0.0,0.49,0.66,0.35,0.0,493,285,312,193,0.0,0.0
482,Yves,Bissouma,Bissouma,18,3,5.0,10,0.10,0.10,0.20,2.57,152,1,0,1,2,0,0,0,1,0,0,1,55,55.4,35.5,9.0,10.0,2,0.06,0.0,0.06,0.12,1.52,1.18,224,84,33,274,1.18,0.59
483,Bryan,Gil Salvatierra,Bryan,18,3,5.0,0,0.00,0.00,0.00,0.00,0,0,0,0,0,0,0,0,0,0,0,0,0,0.0,0.0,0.0,0.0,0,0,0,0,0,0,0,235,615,621,654,0,0
484,Ben,Davies,Davies,18,2,4.4,0,0.00,0.00,0.00,0.00,0,0,0,0,0,0,0,0,0,0,0,0,0,0.0,0.0,0.0,0.0,0,0,0,0,0,0,0,523,466,481,366,0,0
485,Alfie,Devine,Devine,18,3,4.5,0,0.00,0.00,0.00,0.00,0,0,0,0,0,0,0,0,0,0,0,0,0,0.0,0.0,0.0,0.0,0,0,0,0,0,0,0,457,542,554,447,0,0
486,Radu,Drăgușin,Dragusin,18,2,4.4,1,0.02,0.01,0.03,1.57,90,0,0,0,2,0,0,0,0,0,0,0,5,16.6,1.7,6.0,2.4,1,0.02,0.0,0.01,0.03,1.57,2.0,559,333,292,372,1.0,0.0
487,Emerson,Leite de Souza Junior,E.Royal,18,2,4.5,0,0.00,0.00,0.00,0.00,0,0,0,0,0,0,0,0,0,0,0,0,0,0.0,0.0,0.0,0.0,0,0,0,0,0,0,0,408,513,525,607,0,0
488,Fraser,Forster,Forster,18,1,4.4,0,0.00,0.00,0.00,0.00,0,0,0,0,0,0,0,0,0,0,0,0,0,0.0,0.0,0.0,0.0,0,0,0,0,0,0,0,508,458,476,345,0,0
489,Archie,Gray,Gray,18,3,4.9,2,0.00,0.01,0.01,0.12,30,0,0,0,0,0,0,0,0,0,0,0,5,7.2,2.6,0.0,1.0,0,0.0,0.0,0.03,0.03,0.36,0.0,329,358,337,377,0.0,0.0
490,Pierre-Emile,Højbjerg,Højbjerg,18,3,5.0,0,0.00,0.00,0.00,0.00,0,0,0,0,0,0,0,0,0,0,0,0,0,0.0,0.0,0.0,0.0,0,0,0,0,0,0,0,193,607,613,641,0,0
491,Brennan,Johnson,Johnson,18,3,6.4,11,0.94,0.24,1.18,3.71,279,0,1,1,3,0,0,0,0,0,0,0,35,32.2,36.4,139.0,20.8,3,0.3,0.0,0.08,0.38,1.2,0.97,58,104,128,260,0.97,0.32
492,Dejan,Kulusevski,Kulusevski,18,3,6.3,10,0.24,0.50,0.74,3.42,257,0,1,1,3,0,0,0,1,0,0,0,31,51.4,106.0,86.0,24.3,3,0.08,0.0,0.18,0.26,1.2,1.05,70,103,143,162,1.05,0.35
493,Giovani,Lo Celso,Lo Celso,18,3,4.9,0,0.00,0.00,0.00,0.00,0,0,0,0,0,0,0,0,0,0,0,0,0,0.0,0.0,0.0,0.0,0,0,0,0,0,0,0,296,594,602,524,0,0
494,James,Maddison,Maddison,18,3,7.5,14,0.50,1.78,2.28,4.20,316,0,2,1,4,0,0,0,1,0,0,0,83,105.4,173.5,78.0,35.7,4,0.14,0.0,0.51,0.65,1.2,1.14,17,107,93,87,1.14,0.28
495,Pedro,Porro,Pedro Porro,18,2,5.5,18,0.33,0.67,1.00,4.26,360,1,0,1,4,0,0,0,0,0,0,1,73,129.2,153.8,47.0,33.0,4,0.08,0.0,0.17,0.25,1.06,1.0,121,100,57,6,1.0,0.25
496,Sergio,Reguilón,Reguilón,18,2,4.4,0,0.00,0.00,0.00,0.00,0,0,0,0,0,0,0,0,0,0,0,0,0,0.0,0.0,0.0,0.0,0,0,0,0,0,0,0,533,474,489,359,0,0
497,Richarlison,de Andrade,Richarlison,18,4,6.9,2,0.19,0.00,0.19,0.06,25,0,0,0,0,0,0,0,0,0,0,0,4,3.2,2.2,7.0,1.1,0,0.68,0.0,0.0,0.68,0.22,0.0,32,381,379,257,0.0,0.0
498,Cristian,Romero,Romero,18,2,5.1,19,0.66,0.38,1.04,4.32,360,1,0,1,4,0,0,0,0,0,0,2,93,117.6,35.3,77.0,23.1,4,0.16,0.0,0.1,0.26,1.08,1.0,183,20,44,43,1.0,0.25
499,Pape Matar,Sarr,P.M.Sarr,18,3,4.9,4,0.13,0.13,0.26,1.39,167,0,0,0,2,0,0,0,1,0,0,0,36,35.8,36.5,30.0,10.2,2,0.07,0.0,0.07,0.14,0.75,1.08,321,292,334,354,1.08,0.0
500,Dane,Scarlett,Scarlett,18,4,4.5,0,0.00,0.00,0.00,0.00,0,0,0,0,0,0,0,0,0,0,0,0,0,0.0,0.0,0.0,0.0,0,0,0,0,0,0,0,447,534,546,439,0,0
502,Manor,Solomon,Solomon,18,3,5.4,0,0.00,0.00,0.00,0.00,0,0,0,0,0,0,0,0,0,0,0,0,0,0.0,0.0,0.0,0.0,0,0,0,0,0,0,0,155,637,639,554,0,0
503,Son,Heung-min,Son,18,3,10.0,23,1.31,0.66,1.97,4.26,360,2,0,1,4,0,0,0,0,0,0,4,106,112.4,107.9,92.0,31.3,4,0.33,0.0,0.16,0.49,1.06,1.0,4,9,20,50,1.0,0.25
504,Djed,Spence,Spence,18,2,4.4,2,0.00,0.00,0.00,0.06,18,0,0,0,0,0,0,0,0,0,0,0,8,3.8,2.4,2.0,0.8,0,0.0,0.0,0.0,0.0,0.3,0.0,546,331,290,459,0.0,0.0
505,Destiny,Udogie,Udogie,18,2,5.0,10,0.00,0.12,0.12,4.32,342,0,0,1,4,0,0,0,1,0,0,0,50,44.0,33.1,20.0,9.6,4,0.0,0.0,0.03,0.03,1.14,1.05,247,116,137,99,1.05,0.26
506,Micky,van de Ven,Van de Ven,18,2,4.5,12,0.02,0.08,0.10,2.75,270,0,1,1,2,0,0,0,1,0,0,0,61,65.0,17.7,17.0,10.0,3,0.01,0.0,0.03,0.04,0.92,0.67,451,79,67,60,1.0,0.33
507,Alejo,Véliz,Veliz,18,4,5.0,0,0.00,0.00,0.00,0.00,0,0,0,0,0,0,0,0,0,0,0,0,0,0.0,0.0,0.0,0.0,0,0,0,0,0,0,0,261,629,631,628,0,0
508,Guglielmo,Vicario,Vicario,18,1,5.0,11,0.00,0.00,0.00,4.32,360,0,0,1,4,0,0,0,1,0,7,0,58,76.2,0.0,0.0,7.6,4,0.0,1.75,0.0,0.0,1.08,1.0,202,98,125,92,1.0,0.25
509,Timo,Werner,Werner,18,3,6.3,3,0.00,0.04,0.04,1.06,38,0,0,0,1,0,0,0,0,0,0,0,13,12.6,8.3,8.0,2.9,0,0.0,0.0,0.09,0.09,2.51,2.37,65,313,373,387,0.0,0.0
510,Alfie,Whiteman,Whiteman,18,1,4.0,0,0.00,0.00,0.00,0.00,0,0,0,0,0,0,0,0,0,0,0,0,0,0.0,0.0,0.0,0.0,0,0,0,0,0,0,0,593,399,419,160,0,0
609,Will,Lankshear,Lankshear,18,4,4.5,0,0.00,0.00,0.00,0.00,0,0,0,0,0,0,0,0,0,0,0,0,0,0.0,0.0,0.0,0.0,0,0,0,0,0,0,0,489,567,576,174,0,0
610,Mikey,Moore,Moore,18,3,4.5,0,0.00,0.00,0.00,0.00,0,0,0,0,0,0,0,0,0,0,0,0,0,0.0,0.0,0.0,0.0,0,0,0,0,0,0,0,464,547,559,304,0,0
612,Wilson,Odobert,Odobert,18,3,5.5,6,0.42,0.08,0.50,1.63,160,0,0,1,1,0,0,0,0,0,0,0,12,10.0,40.5,42.0,9.2,2,0.24,0.0,0.04,0.28,0.92,0.56,132,158,192,502,1.12,0.56
388,Aaron,Wan-Bissaka,Wan-Bissaka,19,2,4.5,4,0.00,0.08,0.08,5.10,208,0,0,0,4,0,0,0,0,0,0,0,20,42.2,42.7,0.0,8.4,2,0.0,0.0,0.03,0.03,2.21,1.73,388,196,248,145,0.87,0.0
511,Edson,Álvarez Velázquez,Álvarez,19,3,5.0,4,0.01,0.24,0.25,3.65,169,0,0,0,3,0,0,0,1,0,0,0,24,25.6,27.9,1.0,5.5,2,0.01,0.0,0.13,0.14,1.94,1.6,215,210,251,418,1.07,0.0
512,Michail,Antonio,Antonio,19,4,5.5,7,0.84,0.01,0.85,5.57,248,0,0,1,4,0,0,0,0,0,0,0,9,2.0,7.2,35.0,3.6,4,0.3,0.0,0.0,0.3,2.02,1.45,105,179,215,172,1.45,0.36
513,Alphonse,Areola,Areola,19,1,4.5,11,0.00,0.00,0.00,6.63,315,0,0,1,5,0,0,0,0,0,10,0,43,78.8,0.0,0.0,7.9,4,0.0,2.86,0.0,0.0,1.89,1.43,355,77,121,55,1.14,0.29
514,Jarrod,Bowen,Bowen,19,3,7.5,20,0.46,0.63,1.09,7.43,337,1,2,1,5,0,0,0,0,0,0,0,63,98.4,129.5,74.0,30.1,4,0.12,0.0,0.17,0.29,1.98,1.34,18,17,38,64,1.07,0.27
516,Vladimír,Coufal,Coufal,19,2,4.5,9,0.02,0.10,0.12,4.19,198,0,0,1,3,0,0,0,0,0,0,0,18,19.2,17.5,1.0,3.5,2,0.01,0.0,0.05,0.06,1.9,1.36,373,112,154,214,0.91,0.45
517,Aaron,Cresswell,Cresswell,19,2,4.0,1,0.00,0.00,0.00,0.03,1,0,0,0,0,0,0,0,0,0,0,0,3,0.0,0.0,0.0,0.0,0,0.0,0.0,0.0,0.0,2.7,0.0,575,320,273,151,0.0,0.0
519,George,Earthy,Earthy,19,3,4.5,0,0.00,0.00,0.00,0.00,0,0,0,0,0,0,0,0,0,0,0,0,0,0.0,0.0,0.0,0.0,0,0,0,0,0,0,0,450,536,548,519,0,0
520,Emerson,Palmieri dos Santos,Emerson,19,2,4.5,8,0.04,0.14,0.18,6.45,304,0,0,1,5,0,0,0,1,0,0,0,35,39.8,45.9,21.0,10.7,4,0.01,0.0,0.04,0.05,1.91,1.48,362,123,166,229,1.18,0.3
521,Łukasz,Fabiański,Fabianski,19,1,4.0,1,0.00,0.00,0.00,1.29,45,0,0,0,1,0,0,0,0,0,2,0,4,16.4,0.0,0.0,1.6,0,0.0,4.0,0.0,0.0,2.58,2.0,573,319,272,23,0.0,0.0
522,Wes,Foderingham,Foderingham,19,1,4.5,0,0.00,0.00,0.00,0.00,0,0,0,0,0,0,0,0,0,0,0,0,0,0.0,0.0,0.0,0.0,0,0,0,0,0,0,0,353,496,510,396,0,0
523,Danny,Ings,Ings,19,4,5.0,9,0.50,0.00,0.50,0.24,13,1,0,0,0,0,0,0,0,0,0,3,31,36.2,0.3,34.0,7.1,0,3.46,0.0,0.0,3.46,1.66,0.0,189,115,55,157,0.0,0.0
524,Max,Kilman,Kilman,19,2,4.5,15,0.28,0.08,0.36,7.92,360,0,1,1,6,0,0,0,1,0,0,3,53,100.8,33.3,13.0,14.7,4,0.07,0.0,0.02,0.09,1.98,1.5,387,36,76,106,1.0,0.25
525,Mohammed,Kudus,Kudus,19,3,6.4,9,0.30,0.73,1.03,7.89,357,0,0,1,6,0,0,0,0,0,0,0,39,37.4,77.5,49.0,16.4,4,0.08,0.0,0.18,0.26,1.99,1.51,61,133,162,77,1.01,0.25
526,Luis Guilherme,Lira dos Santos,L.Guilherme,19,3,4.9,0,0.00,0.00,0.00,0.00,0,0,0,0,0,0,0,0,0,0,0,0,0,0.0,0.0,0.0,0.0,0,0,0,0,0,0,0,330,606,612,572,0,0
527,Lucas,Tolentino Coelho de Lima,L.Paquetá,19,3,6.0,12,0.94,0.20,1.14,6.87,298,1,0,1,4,0,0,0,1,0,0,0,41,59.4,48.3,31.0,13.8,3,0.28,0.0,0.06,0.34,2.07,1.21,81,160,115,133,0.91,0.3
528,Konstantinos,Mavropanos,Mavropanos,19,2,4.5,12,0.11,0.01,0.12,7.92,360,0,0,1,6,0,0,0,0,0,0,2,56,108.0,2.6,25.0,13.6,4,0.03,0.0,0.0,0.03,1.98,1.5,405,67,104,365,1.0,0.25
529,Nayef,Aguerd,N.Aguerd,19,2,4.4,0,0.00,0.00,0.00,0.00,0,0,0,0,0,0,0,0,0,0,0,0,0,0.0,0.0,0.0,0.0,0,0,0,0,0,0,0,537,477,492,475,0,0
530,Tomáš,Souček,Souček,19,3,5.0,15,1.45,0.30,1.75,4.89,225,1,1,1,4,0,0,0,1,0,0,1,39,40.8,36.8,84.0,16.0,3,0.58,0.0,0.12,0.7,1.96,1.6,218,83,81,105,1.2,0.4
532,Kurt,Zouma,Zouma,19,2,4.4,0,0.00,0.00,0.00,0.00,0,0,0,0,0,0,0,0,0,0,0,0,0,0.0,0.0,0.0,0.0,0,0,0,0,0,0,0,516,461,478,313,0,0
576,Andy,Irving,Irving,19,3,4.9,0,0.00,0.00,0.00,0.00,0,0,0,0,0,0,0,0,0,0,0,0,0,0.0,0.0,0.0,0.0,0,0,0,0,0,0,0,303,595,603,575,0,0
587,Crysencio,Summerville,Summerville,19,3,5.8,3,0.06,0.18,0.24,1.25,66,0,0,0,1,0,0,0,0,0,0,0,17,17.4,30.4,27.0,7.5,0,0.08,0.0,0.25,0.33,1.7,1.36,97,309,369,248,0.0,0.0
588,Guido,Rodríguez,G.Rodríguez,19,3,5.0,7,0.05,0.04,0.09,7.17,333,0,0,1,6,0,0,0,2,0,0,0,42,28.4,8.4,8.0,4.5,4,0.01,0.0,0.01,0.02,1.94,1.62,204,174,205,468,1.08,0.27
589,Niclas,Füllkrug,Füllkrug,19,4,6.8,3,0.25,0.09,0.34,1.59,63,0,0,0,2,0,0,0,0,0,0,0,3,2.6,2.5,29.0,3.5,0,0.36,0.0,0.13,0.49,2.27,2.86,36,315,377,163,0.0,0.0
591,Jean-Clair,Todibo,Todibo,19,2,4.4,2,0.00,0.00,0.00,0.10,7,0,0,0,0,0,0,0,0,0,0,0,5,5.0,0.0,0.0,0.5,0,0.0,0.0,0.0,0.0,1.29,0.0,555,332,291,290,0.0,0.0
643,Kaelan,Casey,Casey,19,2,4.0,0,0.00,0.00,0.00,0.00,0,0,0,0,0,0,0,0,0,0,0,0,0,0.0,0.0,0.0,0.0,0,0,0,0,0,0,0,649,444,463,413,0,0
654,Carlos,Soler,C.Soler,19,3,5.0,0,0.00,0.00,0.00,0.68,20,0,0,0,0,0,0,0,1,0,0,0,-1,7.2,0.3,0.0,0.8,0,0.0,0.0,0.0,0.0,3.06,0.0,220,610,616,613,0.0,0.0
204,Sam,Johnstone,Johnstone,20,1,4.4,5,0.00,0.00,0.00,2.25,180,0,0,0,3,0,0,0,0,0,8,0,20,62.6,10.0,0.0,7.3,2,0.0,4.0,0.0,0.0,1.12,1.5,515,161,131,258,1.0,0.0
533,Rayan,Aït-Nouri,Aït-Nouri,20,2,4.5,4,0.42,0.23,0.65,3.67,294,0,1,0,10,0,0,0,2,0,0,0,5,49.0,40.1,38.0,12.8,4,0.13,0.0,0.07,0.2,1.12,3.06,423,238,302,136,1.22,0.0
534,Boubacar,Traoré,B.Traore,20,3,4.9,0,0.00,0.00,0.00,0.00,0,0,0,0,0,0,0,0,0,0,0,0,0,0.0,0.0,0.0,0.0,0,0,0,0,0,0,0,318,601,608,547,0,0
535,Jean-Ricner,Bellegarde,Bellegarde,20,3,5.0,12,0.21,0.02,0.23,3.63,267,1,0,1,7,0,0,0,1,0,0,0,30,39.8,16.8,16.0,7.0,4,0.07,0.0,0.01,0.08,1.22,2.36,226,68,107,473,1.35,0.34
536,Daniel,Bentley,Bentley,20,1,4.0,0,0.00,0.00,0.00,0.00,0,0,0,0,0,0,0,0,0,0,0,0,0,0.0,0.0,0.0,0.0,0,0,0,0,0,0,0,576,386,407,132,0,0
537,Francisco Jorge,Tomás Oliveira,Chiquinho,20,3,4.5,1,0.00,0.05,0.05,0.00,6,0,0,0,0,0,0,0,0,0,0,0,4,3.0,14.3,2.0,1.9,0,0.0,0.0,0.75,0.75,0.0,0.0,469,550,310,386,0.0,0.0
538,Tawanda,Chirewa,Chirewa,20,3,4.5,0,0.00,0.00,0.00,0.00,0,0,0,0,0,0,0,0,0,0,0,0,0,0.0,0.0,0.0,0.0,0,0,0,0,0,0,0,460,544,556,508,0,0
539,Leon,Chiwome,Chiwome,20,4,4.5,0,0.00,0.00,0.00,0.00,0,0,0,0,0,0,0,0,0,0,0,0,0,0.0,0.0,0.0,0.0,0,0,0,0,0,0,0,502,577,586,189,0,0
540,Luke,Cundle,Cundle,20,3,4.5,0,0.00,0.00,0.00,0.00,0,0,0,0,0,0,0,0,0,0,0,0,0,0.0,0.0,0.0,0.0,0,0,0,0,0,0,0,413,517,529,315,0,0
541,Matheus,Santos Carneiro Da Cunha,Cunha,20,4,6.5,11,1.41,0.58,1.99,3.74,280,1,0,0,9,0,0,0,0,0,0,0,68,72.6,88.4,122.0,28.3,3,0.45,0.0,0.19,0.64,1.2,2.89,51,88,129,123,0.96,0.0
542,Craig,Dawson,Dawson,20,2,4.5,5,0.00,0.04,0.04,2.57,209,0,0,0,4,0,0,0,0,0,0,0,17,50.8,14.2,8.0,7.3,2,0.0,0.0,0.02,0.02,1.11,1.72,351,191,260,373,0.86,0.0
543,Matt,Doherty,Doherty,20,2,4.5,2,0.08,0.08,0.16,3.61,208,0,0,0,9,0,0,0,0,0,0,0,2,40.8,16.0,15.0,7.2,2,0.03,0.0,0.03,0.06,1.56,3.89,357,335,393,368,0.87,0.0
544,Tommy,Doyle,Doyle,20,3,4.9,3,0.04,0.06,0.10,1.14,44,0,0,0,1,0,0,0,0,0,0,0,8,6.0,25.3,3.0,3.4,0,0.08,0.0,0.12,0.2,2.33,2.05,300,245,327,533,0.0,0.0
545,Fábio,Silva,Fábio Silva,20,4,5.0,0,0.00,0.00,0.00,0.00,0,0,0,0,0,0,0,0,0,0,0,0,0,0.0,0.0,0.0,0.0,0,0,0,0,0,0,0,240,617,623,379,0,0
546,Nathan,Fraser,Fraser,20,4,4.5,0,0.00,0.00,0.00,0.00,0,0,0,0,0,0,0,0,0,0,0,0,0,0.0,0.0,0.0,0.0,0,0,0,0,0,0,0,477,557,566,98,0,0
547,Enso,González,Gonzalez,20,3,4.5,0,0.00,0.00,0.00,0.00,0,0,0,0,0,0,0,0,0,0,0,0,0,0.0,0.0,0.0,0.0,0,0,0,0,0,0,0,504,579,588,563,0,0
548,Gonçalo Manuel,Ganchinho Guedes,Guedes,20,3,5.4,2,0.00,0.01,0.01,0.73,19,0,0,0,0,0,0,0,0,0,0,0,9,3.4,0.6,0.0,0.4,0,0.0,0.0,0.05,0.05,3.46,0.0,146,302,355,474,0.0,0.0
549,Hugo,Bueno López,H.Bueno,20,2,4.5,0,0.00,0.00,0.00,0.00,0,0,0,0,0,0,0,0,0,0,0,0,0,0.0,0.0,0.0,0.0,0,0,0,0,0,0,0,448,535,547,616,0,0
550,Hwang,Hee-chan,Hee Chan,20,3,6.3,5,0.00,0.15,0.15,3.35,197,0,0,0,8,0,0,0,0,0,0,0,23,16.2,33.2,8.0,5.7,2,0.0,0.0,0.07,0.07,1.53,3.65,67,268,271,243,0.91,0.0
551,Joe,Hodge,Hodge,20,3,4.5,0,0.00,0.00,0.00,0.00,0,0,0,0,0,0,0,0,0,0,0,0,0,0.0,0.0,0.0,0.0,0,0,0,0,0,0,0,407,512,524,284,0,0
552,Ki-Jana,Hoever,Hoever,20,2,4.0,0,0.00,0.00,0.00,0.00,0,0,0,0,0,0,0,0,0,0,0,0,0,0.0,0.0,0.0,0.0,0,0,0,0,0,0,0,620,420,439,348,0,0
553,João Victor,Gomes da Silva,J.Gomes,20,3,4.9,5,0.13,0.07,0.20,4.37,322,0,0,0,11,0,0,0,2,0,0,0,32,37.6,23.9,8.0,6.9,4,0.04,0.0,0.02,0.06,1.22,3.07,315,206,266,427,1.12,0.0
554,José,Malheiro de Sá,José Sá,20,1,4.5,1,0.00,0.01,0.01,2.80,180,0,0,0,8,0,0,0,0,0,6,0,-1,53.0,10.0,0.0,6.3,2,0.0,3.0,0.0,0.0,1.4,4.0,368,659,394,144,1.0,0.0
555,Saša,Kalajdžić,Kalajdžić,20,4,4.9,0,0.00,0.00,0.00,0.00,0,0,0,0,0,0,0,0,0,0,0,0,0,0.0,0.0,0.0,0.0,0,0,0,0,0,0,0,310,598,606,512,0,0
556,Tom,King,King,20,1,4.0,0,0.00,0.00,0.00,0.00,0,0,0,0,0,0,0,0,0,0,0,0,0,0.0,0.0,0.0,0.0,0,0,0,0,0,0,0,588,395,415,165,0,0
557,Mario,Lemina,Mario Jr.,20,3,5.0,19,0.51,0.33,0.84,5.05,359,1,1,0,11,0,0,0,1,0,0,4,91,121.2,50.8,26.0,19.7,4,0.13,0.0,0.08,0.21,1.27,2.76,195,19,42,311,1.0,0.0
558,Yerson,Mosquera,Mosquera,20,2,4.0,2,0.33,0.02,0.35,5.05,360,0,0,0,11,0,0,0,1,0,0,0,12,85.2,16.7,17.0,12.0,4,0.08,0.0,0.0,0.08,1.26,2.75,640,325,392,186,1.0,0.0
559,Nélson,Cabral Semedo,N.Semedo,20,2,4.5,3,0.01,0.13,0.14,1.44,150,0,0,0,2,0,0,0,1,0,0,0,9,23.6,14.0,9.0,4.7,2,0.01,0.0,0.08,0.09,0.86,1.2,380,232,229,479,1.2,0.0
561,Pedro,Cardoso de Lima,Pedro Lima,20,2,4.0,0,0.00,0.00,0.00,0.00,0,0,0,0,0,0,0,0,0,0,0,0,0,0.0,0.0,0.0,0.0,0,0,0,0,0,0,0,659,453,472,159,0,0
562,Daniel,Castelo Podence,Podence,20,3,5.5,2,0.04,0.01,0.05,0.70,46,0,0,0,2,0,0,0,0,0,0,0,9,3.0,1.1,1.0,0.4,0,0.08,0.0,0.02,0.1,1.37,3.91,113,372,359,549,0.0,0.0
563,Rodrigo,Martins Gomes,R.Gomes,20,3,5.4,3,0.06,0.01,0.07,1.50,96,0,0,0,3,0,0,0,0,0,0,0,9,0.0,6.4,14.0,1.9,1,0.06,0.0,0.01,0.07,1.41,2.81,161,371,244,448,0.94,0.0
564,Santiago,Bueno,S.Bueno,20,2,4.4,0,0.00,0.00,0.00,0.00,0,0,0,0,0,0,0,0,0,0,0,0,0,0.0,0.0,0.0,0.0,0,0,0,0,0,0,0,545,481,496,471,0,0
565,Pablo,Sarabia,Sarabia,20,3,5.3,2,0.10,0.02,0.12,0.32,28,0,0,0,1,0,0,0,0,0,0,0,13,15.8,3.2,36.0,5.5,0,0.32,0.0,0.06,0.38,1.03,3.21,168,363,348,415,0.0,0.0
566,Jørgen,Strand Larsen,Strand Larsen,20,4,5.5,15,0.79,0.38,1.17,4.52,343,1,1,0,11,0,0,0,0,0,0,0,57,64.0,41.1,73.0,17.8,4,0.21,0.0,0.1,0.31,1.19,2.89,118,52,85,195,1.05,0.0
567,Toti António,Gomes,Toti,20,2,4.4,3,0.00,0.24,0.24,3.84,270,0,1,0,9,0,0,0,2,0,0,0,3,48.8,13.3,8.0,7.0,3,0.0,0.0,0.08,0.08,1.28,3.0,561,228,293,371,1.0,0.0
637,Bastien,Meupiyou,Meupiyou,20,2,4.0,0,0.00,0.00,0.00,0.00,0,0,0,0,0,0,0,0,0,0,0,0,0,0.0,0.0,0.0,0.0,0,0,0,0,0,0,0,653,448,467,362,0,0
642,André,Trindade da Costa Neto,André,20,3,5.0,2,0.00,0.01,0.01,0.90,80,0,0,0,1,0,0,0,1,0,0,0,13,11.8,12.7,0.0,2.4,1,0.0,0.0,0.01,0.01,1.01,1.12,254,257,345,610,1.12,0.0
655,Carlos Roberto,Forbs Borges,Forbs,20,3,5.5,1,0.00,0.00,0.00,0.38,4,0,0,0,0,0,0,0,0,0,0,0,5,2.2,0.8,8.0,1.1,0,0.0,0.0,0.0,0.0,8.55,0.0,127,265,362,621,0.0,0.0
